row_id,actual_label,sensor_21,sensor_0,sensor_285,sensor_225,sensor_290,sensor_71,sensor_59,sensor_571,sensor_103,sensor_406,sensor_70,sensor_138,sensor_473,sensor_287,sensor_117,sensor_100,sensor_95
0,0,0.04567119365380937,-0.020710892592368555,-0.003342900266359043,-0.00881731768007789,-0.09657729717174666,-0.006168677872071291,-0.11749784804339956,-0.02425538981072015,0.02151754929521517,0.0017953398493369258,0.00012812437404804365,-0.04999967816462856,0.020231591157941802,0.05636659146206817,0.015153304073106435,-0.013109851183075711,-0.05940899831378228
1,1,0.02898536147139423,0.012871986858980977,0.00701292220489201,-0.08138061858559517,-0.024026506572207625,0.01570593136894096,-0.0018136495909682837,-0.014350415887047059,-0.011391258477482135,-0.0014006391668757885,-0.002470890677856499,-0.03191209614121932,-0.022168796739432846,0.052202657958601836,0.02283027806575881,-0.007918797351567421,-0.019800625971021092
2,0,-0.05414034915181708,0.014962352603613713,0.004146957320361241,-0.006924857227556785,-0.06076695149901426,-0.004635034232749025,-0.21670521782439034,-0.013885803351904832,0.013534169746481412,0.0029150175020346823,-0.011367420964629947,0.003197281513751568,-0.0019402626011594919,-0.07503340242719526,-0.005270173878182778,-0.007094852511588482,-0.026683276915427382
3,0,0.04494112696404225,0.01798623839517518,-0.007470576564015571,-0.004602344977172344,-0.04735790439166213,0.012274312313290273,-0.14745812449018275,0.028190932499270856,-0.0342952273403627,0.008710772727355485,-0.002035350392779211,-0.024326314877919183,0.01486070209852098,0.012173731806642819,-0.031623140614360015,-0.012039632442004924,0.019712308720121873
4,0,0.035629483225320294,0.017068071853951,-0.01278002962344222,-0.007629595998252482,0.05266092882460047,0.01764905218517652,-0.05401547795756261,-0.014250876746973454,-0.022140588407086756,-0.005978499872507234,-0.08339331650320068,-0.008047298471741165,-0.03882208994755324,0.0377232928985688,-0.027223033614070642,-0.004510615139412255,-0.030964563938518173
5,0,0.012579453895388892,-0.027739811593197963,-0.007241384323538629,-0.0222507392835694,0.03322990742818592,-0.004890714776904904,-0.13361883261279667,0.03470194381107009,-0.051951079980971794,0.0020578189187249758,-0.004823396915073665,-0.00019692706160148946,-0.04425229337652883,-0.09473022745995179,-0.017822743343169512,-0.011322087329573564,-0.020754043229196047
6,0,-0.04506035937184991,-0.028827572210594905,0.001062559980670031,-0.023615327656833496,-0.028027601150086554,-0.01749394904077383,-0.17915806898301204,-0.014479021839315846,-0.01108411775660134,0.0033709792008609733,-0.002046346303538584,-0.0253409162020946,0.006355775637511597,-0.08104965009836337,-0.0069238446761081575,-0.004689198663159561,-0.02201849809941621
7,0,0.03273358587676259,0.01944298441801284,0.005785668309592564,-0.006309767471513322,0.04141950649056709,-0.010024073351410437,-0.10025283073453471,0.013277372104067929,-0.05753653876240573,0.006168911373932018,-0.008251508664384278,-0.0035152559149237606,0.006892286130561857,-0.1270578738854291,-0.031099468405477223,-0.01837719653241752,-0.06565429154703843
8,0,-0.03829544411146446,-0.015987384499727936,-0.005933665525719834,-0.005213204690610855,-0.08679966044586829,-0.013645893348104753,-0.09861788705630174,-0.016967350444444244,-0.016641815965514374,-0.0010768125679843947,-0.0009271850655720058,-0.014842777589861543,-0.009437219297753563,0.05779464371400825,-0.03030119207557762,-0.015482635888913932,-0.05664967237329338
9,0,0.03488670031482317,-0.0005537230232970789,-0.004282940258371541,-0.017437784712942356,-0.06723617096853762,0.00036094507963080146,-0.09824309903862646,-0.01557821079133067,0.02498047561428144,0.000561313688028387,-0.004121712223579148,-0.007813524994554177,-0.014690775862722015,0.04309478373541354,-0.04648398490671278,-0.005726299834844302,-0.06074114904936309
10,0,-0.029519702328841824,0.01381686601909235,0.010750882189165251,-0.03097091527435563,-0.05505716655622879,-0.002033204932285012,-0.11616295541067824,-0.03475289570084346,-0.048356788319892166,0.006856531641502598,-0.010699844687948585,-0.012555821345722543,-0.005397521696090371,-0.0732485657345817,-0.010795856742665106,-0.021218854218759187,-0.023012677466905565
11,0,-0.04813407225442971,-0.07716434941619157,0.008871170894780879,-0.014314120418099097,0.08045869113949577,-0.0045715374052658665,-0.0789727054025219,-0.004391998704247185,0.02143201245370725,-6.979774284597138e-05,-0.007688051728153869,0.0005329821718183657,-0.01807459510832717,-0.08521349633395822,-0.007784928256939842,-0.00043188119865476913,-0.016841813256205644
12,0,0.04451127878967901,-0.018615199569145317,-0.013661044779625035,-0.01673496225587245,-0.10955872685146163,0.003582613310473771,-0.20961652619533572,-0.024571791086060838,0.02265488486217797,0.007606996966798955,-0.0030444371112895827,-0.00946882561105418,0.01600830211304727,0.04472221280747218,0.00333812678415795,-0.003308276886422159,-0.026203115853576004
13,0,0.027889423239189002,0.003527974325077112,-0.0020123730089319945,-0.04301819929041916,0.03415896447195912,0.03319834774775647,-0.12759674027431359,-0.0057446589544610455,0.0018495387023406062,0.0038118901086910016,-0.0346921058042092,-0.02857292323529113,-0.02169637776931437,-0.08988870969861429,-0.01615872504116123,0.004639018050707999,-0.018719500801709896
14,0,-0.04578587976778539,-0.015101112158822625,-0.03488123599653973,-0.021994945247181253,-0.028145967459102385,0.00012755329003415758,-0.10044850472022566,-0.01232147160631209,-0.015164474116735749,0.004027291718321209,-0.017828070203711868,0.005947167285860898,0.007180506028455343,-0.08426179916980184,0.0003736178446299923,-0.004862921584372292,-0.015884911369413418
15,0,-0.03628175897888751,-0.018447144107174445,-0.015005652505981484,-0.02508238861314257,-0.04862720547723147,0.009998649493104398,-0.20247836541409747,0.009319917734813771,0.022622013846657987,0.00401749499497728,0.004122050357669193,-0.02475798090047646,0.007904796182410455,0.0416690107713059,0.004493548412918643,-0.010470789043243656,-0.05868802065299338
16,0,-0.05674352838511861,-0.036135476121576846,0.0026847094120307107,-0.027949079197565098,-0.04458596243122872,-0.003066515209864529,-0.058008276022829396,-0.024228651687223525,-0.06458320147094179,0.007013406794689574,-0.004526704633444125,-0.0073000316097643365,0.00975439468657655,-0.08040162252058668,-0.0017427310091675087,-0.002078353487760234,-0.0537942010055955
17,0,-0.04744205687162811,-0.03227475703383785,-0.009928649109984637,-0.021035649729922005,-0.023623824353208686,-0.006215606079913841,-0.16724046008475893,0.002913023416104404,-0.042231725335792496,0.0025770644772914694,-0.0021797326718800357,-0.02578369278632214,0.007893472616193874,-0.08811059313343682,-0.003809475958333962,-0.000921865292384283,-0.02161062930089113
18,0,0.004696914887714615,-0.03457846560989495,-0.006938063852275937,-0.005807434630194498,0.03440821010668018,-0.0030586741391704147,-0.19995124083312193,0.011439098006435685,0.034613399748874674,0.0036643689961181076,0.0024341459208183976,0.0015983906647963964,-0.031805417388222436,-0.11232067378967299,0.0021008797371087893,-0.0014040583137849157,-0.051449870078246675
19,0,0.03592247532278254,-0.012996685230273636,0.004407930517919602,-0.004393017650071031,-0.08376996977871924,-0.0052253336212389695,-0.1575160501210054,-0.019726383838693594,0.020174208545588417,0.003543091836197403,-0.004689257755484014,-0.004793060509125017,0.0031528206394471773,-0.060822179549299714,0.00013218472466294356,-0.0005066259339443966,-0.06191930483144669
20,0,0.05066198855841754,-0.04365510990172458,-0.007448478987914898,-0.020378165402953726,-0.038943449619276156,-0.001604136040577461,-0.15421288201816735,-0.02313654719671422,-0.06608635275324401,0.00431094937011034,-0.005308202565725998,-0.019412046943052822,-0.0418914493005343,0.019036698682791352,-0.001988568196644904,-0.026338768008485558,-0.019297303575674784
21,0,0.022745611351593673,-0.026118665988674426,-0.017093341288949862,-0.017098638101551347,-0.017561667247651336,4.4517175587975957e-05,-0.19389721858006204,-0.017141327583573607,-0.05750849962022535,0.007671167506996851,-0.0008406945788055242,0.036876984989485335,0.0014280794233448742,-0.067823745435681,-0.010484438261622878,-0.011346062801963501,-0.04754388485761789
22,0,0.03312151404361406,-0.02374560512874224,0.008161409484121595,-0.009932713993278563,-0.0690149728636096,0.008495870942149788,-0.2230995129118711,-0.030521404531002456,-0.029254717389567662,0.0029730166768921346,-0.0012095615745736793,-0.021056930585328818,0.019293079121889788,0.04174925215392153,-0.005061532605111467,-0.010892918019082702,-0.039029430053126056
23,0,0.04060768553591118,-0.008065432115256848,-0.029949290036121696,-0.006982391721623825,-0.033515455178885094,-0.0014680227994781703,-0.20103512588263772,-0.0227678731603951,-0.04786085616245821,0.006564190743662419,-0.007021105164304553,0.023474453082120796,0.005938959015627672,-0.07279391263914933,-0.010318766340075038,-0.01096448913286146,-0.029534391943446696
24,0,0.027629399128469737,-0.04495060035724905,-0.0019182887859843184,-0.026163084288881446,-0.017927178251097808,0.0015985908746328633,-0.16076186534279907,-0.0332697136127402,-0.04487537977082496,0.0032135597162474966,-0.02093940637757661,-0.020433231572787963,0.0169873794715094,0.05537964480059681,-0.0014480002514842883,-0.005750421877572548,-0.0453965607351631
25,0,0.023836458574484493,-0.08443208697572113,-0.002548344465179041,-0.015365359658237682,0.04680135286122344,-0.0019050736202415037,-0.10810125489887593,-0.003533054487999444,0.047751850900261086,0.0021428351750956754,-0.007960011731518621,-0.010200331865834352,-0.012318929843942616,-0.13503812655581776,-0.001107129233823686,0.007776110598772762,0.001842604661317735
26,0,0.010621366465452137,0.005957979783600389,-0.018021469141108536,-0.006152253117405865,-0.03474624041900855,-0.010153249829242365,-0.1723048330137733,-0.022951741580520178,-0.05297062144785659,0.006110884157849076,-0.005428642240365971,-0.009825371863587942,-0.0038782048963783757,-0.0925146130141883,-0.0015672000196850543,-0.005450823061496261,-0.03908345732832186
27,0,0.05133105261798798,-0.02700078041362772,-0.02178148674048849,-0.031286248029285556,-0.08421626952263438,-0.0004279651321964158,-0.13431227580765914,0.03678291501123975,0.022866186801042916,-0.0010030284118834293,-0.0022467596497327716,-0.004302313851978369,0.013169637905458022,0.023638169455722873,-0.010012180977296545,-0.006847919756563886,-0.006709224064142332
28,0,0.034063908854175005,0.0071838445566574675,-0.015821277303325408,-0.012627993511153051,-0.030277670860404594,0.020932764690837727,-0.16445088292914864,-0.012934871635407068,-0.03954010907559875,0.002390519153460874,-0.008706725973345368,-0.008073572932291544,0.017504264611268267,-0.01469072681563227,-0.018767883564875135,0.004936649603903254,-0.06681206076849268
29,0,-0.059358903363963295,0.020513693058862213,0.0024079213482374948,-0.00546417211609037,-0.09713426764980652,-0.003389544254097607,-0.19199380039045522,-0.03267500095702947,0.00671749888888447,0.0005001594104721278,-0.005785619199611235,-0.03138214108204392,0.013752019270986595,0.018517609717015764,0.020255458757767835,-0.014267708196028144,-0.023571693809137942
30,0,0.03303383707420505,-0.007961910998878777,-0.0027530093541632585,-0.003558704626503623,-0.10023301640075274,-0.00595213535334522,-0.09250323758231646,-0.02735228160923538,-0.0364357490723389,0.012473367587081743,-0.009641192603409707,-0.028330439965518275,-0.0007051350534039552,-0.009486885290336857,-0.011644341341838515,-0.003165485933958997,0.011857829958675693
31,0,-0.001670300035294435,-0.04197319196995006,-0.015798315064735148,-0.033483042248766914,-0.03520330863044095,-0.02420794255080762,-0.18420358889171815,0.007517829967808466,0.02446511980137554,0.007211895114825894,0.003971166195608883,-0.013300133371236996,-0.00216760467300988,0.013461115539460182,-0.004361797744302389,-0.011677479345442087,-0.02093891265941058
32,0,-0.04264796430675173,-0.003470095216735786,0.005092606106042281,-0.027141477844545472,-0.08901302232839525,-0.016564994702971937,-0.11672743245420689,-0.015168869832054854,0.010800016208960785,0.00689506379644438,-0.003767412454056818,-0.00731513389747846,-0.016039235950080968,-0.07485114850629686,-0.0070354484350206095,-0.0031820376960071733,-0.052221903052882546
33,0,-0.048665831074098886,-0.04649171864861885,0.0026979356360823195,-0.00522452537176506,0.012202665398778704,-0.009246330488599516,-0.21215572712511993,-0.006044445874246918,0.016503663952466757,0.0008754079684929643,0.005218717311476106,-0.004541573008509254,-0.05098859413725814,0.02600548887400543,0.0009183129293212276,-0.01231091465609808,-0.047777688919013246
34,0,0.009675206241172294,-0.007286240539373009,0.006705855438563268,-0.011937253752840283,-0.04136842771880507,-0.0026515165074651754,-0.18730007542883634,-0.018646145191916087,-0.050333402293276486,0.006440421997854869,-0.004535619569325925,-0.018470043682347222,-0.053838781011734,-0.04928074357038102,-0.0014628247834162962,-0.02466271569139686,-0.026739517835846903
35,0,0.019029241466161858,-0.023446671686070134,-0.0024120907428666566,-0.005315332034083113,-0.027952893756401486,-0.0026278292457878618,-0.1835943485140365,-0.014176318675095239,-0.05631839943201244,0.0027255795741681532,0.0033334017225858624,-0.02028080864891644,-0.010432508914336844,-0.07935850143853064,-0.007474008575852655,-0.01533677541473763,-0.058720226250226555
36,0,-0.043108611490235677,0.018577496349433037,-0.030736055591305652,-0.005246580212920996,-0.04641119222735236,0.034440077892668786,-0.09369478975464005,-0.027619001611460012,-0.029483925299919,0.0001000601354583626,-0.037686544788765916,-0.0046834794540638455,-0.011836911681499626,0.01352886011007856,-0.015043717890959157,-0.014203796601144703,-0.0025837117827433678
37,0,0.04322503824560176,0.009662663929422211,-0.0006163516120703302,-0.004346410470567837,-0.03796373453726738,-0.007836934323927491,-0.20954211712071794,-0.012946801586311741,-0.04665057463764605,0.005719778554301353,-0.0024218818129744086,-0.02184722406976225,-0.042277016264802035,-0.07644439144169815,-0.0016080717072852987,-0.009313990886059631,-0.02381713749093788
38,0,-0.02280697356732178,0.03908240742026397,-0.015393893084805637,-0.004251456253373219,-0.04213755824578869,0.03406078576002648,-0.14038655338932612,-0.004763774993351831,-0.046248237442603764,0.005755757173527079,-0.005303447632552273,-0.01738465589300633,-0.03905083218895334,-0.04598941526714895,-0.006505179166980909,-0.0052948579471619964,-0.009073939180813763
39,0,0.023385909380467477,-0.031167742299011918,0.007727947406723936,-0.012436196773454115,-0.058130142732428086,-0.02374579328563409,-0.1800857420034395,-0.022872709383156768,-0.01701728657113156,0.00821775180452282,-0.0018924155415095136,-0.007282931788531109,-0.0051751756293172265,-0.02809812003225793,-0.00909080062378975,-0.03474921168282033,-0.023279164144602887
40,0,0.02195928503394876,-0.02531616690568277,0.008460331230916678,-0.022486704102228108,-0.05139087964331418,-0.0013946329864023444,-0.17427370453782992,-0.017073532932972212,-0.04704523741234418,0.009048452844910328,-0.015138218112918047,-0.009408519415783911,0.009221670575232016,-0.02536603053919082,-0.013091252846007652,-0.004943869700784312,-0.04745281444892024
41,0,0.01559646400417269,-0.029605064024063297,0.00588654289145616,-0.03528628953928811,-0.061551048188379795,0.009888838409205692,-0.06641143729346687,-0.013387326254742125,-0.0604200022048964,0.006543252866805477,-0.008315146713103764,-0.0055726969848053625,-0.020555696601771936,-0.08829415730890922,-0.010638859768666322,-0.009423289575506663,-0.014145907613409607
42,0,0.04604843161577965,-0.02992349047050278,-0.010994107167289217,-0.02737806887370613,-0.03778252141041795,-0.008538444158698984,-0.2630863096037033,-0.021484058937553823,-0.025670706188480222,0.006045134768670323,-0.0025727468811991764,-0.020323787157389802,-0.017745779408730806,0.03183893746258614,-0.004689447379712502,-0.008794907686727969,-0.023973285755629133
43,0,0.032486057127342906,0.005928045228063887,-0.0024106998417265566,-0.026809692049533786,-0.0871694540674778,-0.010447725681895828,-0.19923013615848217,-0.020001054800200056,0.01774630282272469,-0.00902091956001382,-0.004267328832155103,0.004862559909147247,0.012631057789039259,0.01858145232446732,-0.009286500041935531,-0.010168406122111595,-0.09244871527795842
44,0,0.06152453554472222,-0.006909964286137831,0.00310608721719217,0.0005446748930339402,0.0515849980307316,-0.0023819498508243333,-0.23707024050061865,0.02464953909010825,0.009740230603444372,0.007406100525638071,-0.0037190034435063838,-0.0061395160999886235,-0.055097072570782446,-0.003649021009449307,0.003992347815201142,0.0047629455030088865,-0.024703182027811663
45,0,-0.020521058047876194,-0.043282258082769226,-0.003156152542169158,-0.007216765522118545,0.014465270678246595,-0.004626083189230514,-0.15397887824711773,-0.010742744489923583,-0.019607457142450945,0.009927510753293315,-0.0012998130071300439,0.015425812429511488,-0.015172467032373434,-0.05387104992804847,-0.05894661197976858,-0.0012402219784391655,-0.04851552323767304
46,0,0.0366606832319763,0.009602653029439339,9.107469478018892e-07,-0.0014419261703567125,-0.053781480415933926,0.0024299648064422547,-0.2165194599792676,-0.01671732206123605,-0.02566018028487378,0.00017029214049016752,-0.0031865341844435208,-0.014027285781467136,0.0023198955727838423,-0.10480203560632981,-0.011765967147313375,-0.007492426342616302,0.025185061213054798
47,0,0.001986634914258474,-0.03198638774129014,0.0044593790446769,-0.013213933449885355,-0.04254447598519695,-0.01251767755455139,-0.004920658882885586,-0.025034093714756275,-0.06463419836262671,0.006837228862608727,-0.015399780974873432,-0.01136777647084747,-0.032064412898069786,-0.012337978889000662,-0.01341029755911094,-0.03919874604998789,-0.0336779815211655
48,0,0.026438467598958505,0.0011121173751365214,0.00561014644533329,-0.02077826397362036,-0.030072889908861155,-0.014261509100954042,-0.12331983167007458,-0.022593352561571124,-0.05298051296185386,0.0036747937174730315,-0.0048686866471233685,0.022140321119436885,0.005071751705571234,-0.009710044891420869,-0.06259196408269563,-0.030853208082782652,-0.03437582464698979
49,1,0.02514334175036014,-0.03999992259348922,0.007752342361122115,-0.022297100881234773,-0.026531384247736687,-0.0057772015783386435,-0.1419567957105337,-0.03126806297116742,-0.06518502290985341,0.007369957194226864,0.0042390745321026395,-0.018802941845636145,-0.013140137563839952,-0.026137175549568323,-0.0024939179169474086,-0.02032085079621816,-0.022952691839285822
50,1,0.04140117847588026,-0.025476366037620914,0.0002934201451869416,-0.05660588001184361,-0.03362719923362101,-0.012600417236903312,0.10029354514892631,-0.011502132031482794,-0.03416608853748113,0.015736958395314606,-0.035766370655199387,-0.023678094643325827,-0.008380542493278229,-0.08258406134244685,-0.000680434220550029,-0.007607543077009412,-0.03740846321058428
51,0,-0.06401202939344217,-0.023648144012088274,-0.01714153745784523,-0.014092285936867918,0.035246474886440185,-0.005351508189549357,-0.12163206204374807,0.012012388402222771,0.03386291481458842,0.0010911627426211988,-0.0004195054872120011,-0.0035206416322713366,-0.0006199983686678276,-0.010987938894847575,0.009817287453026518,-0.0020400306867518004,-0.06425637009497698
52,0,-0.06505653370085528,-0.016257397621174754,0.013239816668849316,-0.003630604932025272,-0.021300498997321556,-0.022420051932381294,-0.2469750458058464,0.01348382731649647,0.01754137821540356,0.0016699916352918614,-0.002281894537409103,0.009199283517425806,0.019125996499723606,0.041229741496437045,-0.012551839713122813,-0.002937952623134287,-0.05443670605239577
53,0,0.026521064880221126,0.015593964711465853,-0.0026653355347575933,-0.04695148356580203,0.025892884945603864,-0.025216138346417824,-0.16940341036149703,0.03236567315243784,-0.015973512214386375,0.0038085431738147687,-0.006507725970831961,0.008064842816382572,0.011312591830814223,-0.09366595991338203,-0.005112545819494408,0.011555135148075588,-0.02864374616495114
54,0,0.04029498777363471,-0.030054881225445185,-0.027328301956790167,0.00176665538388816,-0.13102315949793966,-0.018075853785511072,0.06442742600993179,-0.00485486675760431,-0.013538059770206941,-0.0016737261535897721,0.00272991301448612,-0.002133115018286994,-0.05441054077567537,0.03461003377003545,0.013910657126818682,-0.011969931063457841,-0.05503572764032503
55,0,0.021611446079841896,0.02075301144604299,-0.0240035856809239,-0.017078416035518466,-0.02273403391926502,-0.020195233103609635,-0.09055287241909417,0.032117242506138496,-0.0675899498832377,0.0049687003572766045,-0.0023837866239841644,0.007882581850540315,0.005540761287417008,-0.061761035516059104,0.010008557578113163,-0.006068836491175858,-0.012873041998538698
56,0,0.0437582951199781,-0.0364019039107462,-0.006159293630257688,-0.022489044888130198,0.06534189885721194,-0.018710785898672457,-0.10211519680524947,-0.005420831653636613,-0.038923869942354944,0.0032085255426398153,-0.005951551715727146,0.010316153462842717,0.015962220651632622,-0.11564458213518682,-0.0067783436131969915,-0.0018530904132206107,0.039502910406035825
57,0,0.04276857748553291,0.01665567973376526,-0.011651691477835254,-0.02508086724165675,-0.03161381903030181,-0.01998252341263575,-0.14525428836836915,0.026846047429300038,-0.054919359479661145,0.0035641427209520335,-0.007157021943327287,0.008105448079366225,0.00919671494753728,-0.050364474752948564,-0.06895877878755619,-0.01397821439240467,-0.023867395409128935
58,0,-0.024599826149762246,0.0425224715819905,-0.03880238993383038,-0.050752248272471455,-0.07310433777030038,0.03386875102553932,-0.09124037739184981,-0.03170781361944899,-0.02095461177739966,0.0034236368167415757,-0.0021262514737469644,-0.007003287225953367,0.004078229484236121,0.022392444778122463,-0.032167492506155124,-0.007482971905841709,-0.058702416225907515
59,0,0.021961973178575893,0.005789595203790551,-0.00635005772113023,-0.03415916402386731,0.03171826689513232,-0.020793769696465927,-0.22687104961701704,-0.018934190725847764,-0.0934122928169658,0.0035960413315155493,-0.02475991762943752,0.006877682695035537,0.00851546031092944,-0.015579706603747986,0.013886342458043323,-0.019379405743536873,-0.0311309647277115
60,0,0.024770535098244544,0.00037657788137895594,-0.025602331964944977,-0.0040770170541937975,-0.029762813951340852,-0.027149464970484406,-0.18217223096664203,-0.01654825729418546,-0.05943524472398733,0.007911169610011924,0.0019875359524017984,0.012689585192590884,-0.02377881825808549,-0.02229100302937389,-0.002881709618700805,-0.006250251534204678,-0.023478084267856206
61,0,0.01538949841376901,-0.03495332026769541,-0.021410706537284895,-0.025242424381797985,-0.058935422774917985,-0.0006805492626252845,-0.17320665694907927,-0.015384174295598213,-0.040364980877272166,0.002947531601387422,-0.0012044979080800646,-0.003190626174724313,-0.03800318140501726,0.010437478949249153,0.002526815803939944,-0.005801898339100666,-0.028614709494522574
62,0,0.030599296217836035,0.014171559523432882,-0.01005705834211017,-0.029595535122042712,-0.05019200322731786,0.021654585441575468,-0.1426859597877817,-0.0065195268732905235,-0.04421833423844355,0.007558985952391925,-0.008450510293462615,-0.0065928348231582504,-0.014705336068620931,-0.03674478928850216,-0.07284306680546838,-0.008761312980503816,-0.024976649850570964
63,0,0.012349585005171578,0.021477450063468198,-0.00995543317996227,-0.02634061228019914,0.06991095036368099,-0.001784578833570988,-0.14014675365499793,-0.021085726098803836,-0.06848473256667915,0.00477474650690864,-0.01224146202308404,-0.0015987506681713725,0.015426952931665634,-0.11121843575248938,0.01132815358480704,-0.008169643033746826,-0.0299335342633674
64,0,0.034264978490612504,0.002692649284764114,0.002258959911007167,-0.0007452029060888484,-0.042906114056728534,-0.020322092805583114,-0.16877984265002496,0.0023133755962043826,-0.039080663650569204,0.008777330099356717,-0.0027683169162904535,-0.0026574384605572315,0.001643720376549246,-0.10050595302620732,-0.024891112477995296,-0.002564849718767925,0.034245415677615916
65,0,-0.03477982013561902,-0.016650915307957752,0.006490675230108216,-0.007824230012457743,-0.05027972084193118,-0.0069924478119086034,-0.1598313131544607,-0.018999474122078447,-0.04275676129891185,0.002928433151180115,-0.005863682421875873,-0.008516302338821443,0.007640904708793255,-0.05561390701005858,-0.049311059508754584,-0.00464303762800237,-0.02068916539661485
66,0,0.028731177242594958,0.04242597799663387,-0.021840742346109294,-0.0015770391126031786,-0.04872394645660596,-0.008626537891677078,-0.1850385958035902,-0.01093237748225783,-0.027998524105133944,0.0032829602375531973,-0.003280009792930547,-0.008236032006557072,-0.023138229279861273,-0.011216655247247348,-0.011428764789803656,-0.00947341877753308,-0.08528773295090933
67,0,0.031355422333253974,0.002446334933116424,0.006658300611960004,-0.013436486883207486,-0.06286424587530529,-0.014561246869769985,-0.2067790162869962,-0.019226773557547275,0.02130079372830762,0.0054823108968927265,-0.04240092556186814,0.04065480570702426,0.013273142829912784,0.0017911101770316958,0.00982727650563264,-0.0022228136628904857,-0.05032314625825247
68,0,0.04269674774521687,0.024630957099299952,0.0003968125135639585,-0.003966951364706165,-0.0404446448514201,-0.007547196707606539,-0.22586267723518652,-0.019129219361417833,-0.005588008093837487,0.012517994038894918,-0.0013140998699700823,-0.013682099125114118,0.00918509365016682,-0.09069834486257965,-0.00046039628861612803,-0.007351968421866493,-0.029073822764190675
69,0,0.017852694502765668,0.0035166508086519935,0.010834352398770935,-0.025001100187944346,-0.07557818282073611,0.007559618941476375,-0.08640771631726163,0.006717134607476989,-0.0103567463475129,0.009507830256333543,-0.005923479682880909,-0.008456071110919419,-0.03750614861257446,-0.013156570539225868,-0.00011338402831712607,-0.015697353092997968,-0.06348335267447507
70,0,0.014426902878856061,-0.04528865552508135,0.012032992909033894,-0.06396002583046444,0.048723246795349416,-0.0022269693543890893,-0.025873681135853536,0.00016566155355671476,-0.08696898725829377,0.007057151235156682,-0.00140159131551644,-0.003641288050225133,0.011846548988916504,-0.06569946275256244,0.004790147021607851,-0.0092033148998859,-0.07047049915957551
71,1,-0.05311746954894031,-0.04835267206536195,0.004170148067083427,-0.03649694047631623,-0.049247938428511315,-0.017705394396344255,-0.13673762225868896,0.010534707962218353,-0.0032058925416501194,-0.005265326948360104,-0.017793909994595916,-0.010927698262844595,-0.04222808407069221,0.02833154856539439,-0.009731060388384569,-0.012559781445542316,-0.0020251043345016974
72,1,0.030170138809255644,-0.019579318218913174,0.007550426731510024,-0.018358356992201546,-0.09019784216509148,0.001749096455244698,-0.1989909689817363,-0.01696062580505469,0.031265744790597114,0.006271169803095315,0.001019138877957648,-0.019632281478012444,0.006332570790862879,0.007854746656377037,-0.028349041591977143,-0.0022009425536194628,-0.06363547902766406
73,0,0.06241889537487988,-0.04087959359602061,0.010944907552067286,0.0032020449658605823,0.037983601379547524,-0.014865902779960463,0.10704080585311675,-0.0019097557047202402,0.01365581621634265,0.005169008491912057,-0.0013794471109067191,-0.00010338202655504214,-0.04724294654869466,-0.10682106952343796,-0.001664388561468261,0.005439605654834031,-0.003346690202834191
74,1,0.045859191376721724,-0.02080896089142121,-0.07186014200777971,-0.008844731692235031,0.04907096761341032,-0.025611497382315572,-0.1740474801163086,-0.007306928210655489,0.0278638761204479,-0.0015769921307042974,0.0011159272360025112,-0.01067154632630391,0.012721396677859388,-0.0706241267491506,-0.015533891887982744,1.6021507854517146e-05,-0.028786240370142442
75,1,-0.042979216581303874,-0.02813761256117689,0.003243727748164398,-0.010879462195726743,-0.04930879438593003,-0.0033772136451502804,-0.13681086010266874,0.05982106663409569,0.025289749836015722,0.006196478982637618,-0.0031295972767135484,-0.01003027938306013,-0.05405064034603368,-0.06533376883524761,-0.004540016350621458,0.0064062077841423965,-0.02140492655412717
76,1,0.04475855915223524,-0.0016595888490393619,0.015705975436605093,-0.04098145796860336,-0.01451640157564175,-0.011549328449743114,-0.21983945183204393,-0.02136520473241616,-0.022949900374605342,-0.0024429848007296697,0.004187244033517981,0.010990703091383778,0.02872753447891209,0.063843751705708,0.016453107829607207,-0.0018566933610952615,-0.039864354350088435
77,0,0.014381591936669701,0.0012865026930275049,-0.001839190263762776,-0.01426870753296785,0.03443619140756246,0.010235333914177611,-0.15326029073982736,-0.00875221075502521,-0.05132550368342951,0.002756220273806164,0.0072905437046947965,-0.0017672844513773216,-0.050288321096976264,0.033803034629695035,-0.0003964222310676544,-0.005111849866206599,-0.05287146183836437
78,0,0.051360409486273496,0.002959127033783323,-0.008241077872896074,-0.03731248405305923,-0.08001285852948622,-0.01785320482044934,-0.15540195638591425,0.027459812652682863,-0.015324637410233611,0.0034547754873377784,-0.001125791602416547,0.0037621728976730403,-0.03334393782033612,0.014864349640090271,0.004753794585526743,-0.010379571268052881,-0.021977412586560975
79,0,0.009703270541738978,-0.04449600985387644,-0.02550545498219994,-0.005737152056874711,0.042115118778597936,0.0034042409155300114,-0.19210416229267943,-0.019852742534413406,-0.004675402442068318,0.005217336081111291,-0.057753339801433726,-0.003500214979627089,0.019257686732897156,0.03568819988237904,-0.00604619425162274,-0.002605825104712207,-0.032134511865450514
80,0,-0.0829735356075011,0.01283676221441667,0.005681975508056465,-0.022565842100873475,-0.049723447429489656,-0.02494500247705255,0.07564477897422046,-0.0072847323688211285,-0.05541765352759348,0.00937077278803981,-0.0050891437673109335,0.002284878737198731,0.005840730559433071,0.013377583635874714,-0.0021825784840274745,0.0009249460075816142,-0.054805649894856034
81,0,-0.04234658656158127,0.015218858347045942,-0.009518447218593493,-0.006667063492077708,-0.07686248870496475,0.0014169745449113633,-0.2181978770811453,0.005143971000872158,-0.02952003544954262,0.0062430995938980985,-0.001261269492753793,-0.007647852442374276,-0.04340210996524704,0.031039179647517106,-0.006441671265351167,-0.007482917965573956,-0.06207225406107568
82,0,0.011019394750944269,-0.03131127955774442,-0.009435274710508694,-0.01105400353405981,-0.04390942650684567,-0.020363889526022465,-0.19381278817713085,-0.017710656500156977,-0.056276743399458644,0.006483996755605872,-0.004187503967126136,0.002781253837299025,-0.018196011760443383,-0.021354241083134953,0.008062579285392467,-0.008505813337576362,-0.051254749801738594
83,0,0.012606846811185223,0.03531880105138857,-0.02459157266558618,-0.004422016616048153,-0.05028476980825391,0.0019693816246101337,-0.16493844280415537,-0.01803306076707725,-0.04375494777211421,-0.00476205913887064,-0.0051889277003427615,0.005485173792278371,-0.022319192103172167,0.03163450362970165,-0.050973403375742354,-0.007853889149835756,-0.04558424890733644
84,0,0.029311201246657027,0.0361259118822423,0.00965285579530356,-0.020100612912440266,-0.07445684833389767,0.0015552316232164908,-0.15981691977850981,0.03965247114208618,-0.03239760380606788,0.01186909512513897,-0.003481593890557587,-0.006879911719545506,0.013249621071403796,-0.012996473122452862,-0.0028087124043621706,-0.012996317260774074,-0.06450655189014544
85,0,0.023476055967033154,-0.0032651955786983642,0.003828869903995753,-0.01120411972081621,-0.039103787637826126,-0.02504232837243652,-0.19937037253869422,-0.035036295836297464,-0.0705163956959251,0.007626126555057798,-0.0007894477083636453,0.0032290002990649634,0.010943919081612283,0.03647071019079052,0.0010653118396880155,-0.03597615534269642,-0.052027719304859714
86,0,0.015201118210036509,0.002873331239891218,-0.0023306971144739963,-0.019725525564336505,-0.03432827237458571,-0.019683067467526842,-0.18748661529144597,-0.015305661549043701,-0.06102402382426361,0.009693475127513498,-0.012662592215686734,0.00785911229736582,0.0053280077047796375,-0.053586501131601814,-0.0057507094914182105,-0.008500635626440167,-0.029595900161467723
87,0,0.022095216906553018,-0.0329064441884218,-0.019558141721614818,-0.013781651470335972,-0.02932874732904001,0.0010038394215004741,-0.1728010151598386,-0.024842426232921808,-0.06249703912632935,0.00612073612968548,-0.0014249829028721325,0.00013270142085812893,-0.013383075876816211,-0.029992005210897166,-0.005470473664965222,-0.004988911633248095,-0.08073606992733358
88,0,0.004393466523640335,-0.037441545055661704,-0.019021917816213315,-0.00405115017557681,0.03404740602294046,-0.017129900576827867,-0.22996787969611204,-0.018843848513885073,-0.06498151261024328,0.002322357154225648,-0.00398998883310548,-0.017035438648229522,0.012164125098266048,0.04093904218519049,0.019502433658950952,-0.005211668317286244,-0.05471913763277612
89,1,0.010781234415045094,-0.024410326914565298,-0.011336022708842137,-0.006067809557358169,-0.04794780138080113,-0.01793519710059539,-0.16916902995997746,-0.01394436088023273,-0.0403552699263978,0.00799333146727478,0.00042942822262181474,-0.020913871977193004,0.008806396669164426,-0.09782297714405506,0.002396486228189657,-0.006613091950226855,-0.049582941401420756
90,1,0.01772531574767981,-0.023905362129273234,0.013172722750062473,-0.005586135742259456,-0.08847519610529152,0.013442715556861254,-0.0715585361738148,0.008701617750998971,0.02916301022397468,0.004412157717706398,-0.005379867251857523,0.004537557800543759,0.009902021582144687,0.02393967452198861,0.008214300837126098,-0.010465313305102097,-0.09019917434752521
91,0,-0.02066854331652733,0.022440502846535065,-0.0183631591130893,-0.05294841688643008,0.01658108278877423,0.029289164192075754,0.009676755569103551,0.008073894976133372,-0.04453857954852541,-0.013408444791851682,-0.004640439490677411,0.0013653717563273011,-0.03286843900926534,0.05119793050650782,-0.09911693953078338,-0.00402037593845755,-0.02707652224255245
92,0,0.04478945652045514,0.02708275326575441,-0.00011961382272040147,-0.03523880348956323,-0.044521318661249365,-0.0022536873428401385,0.08116845553619646,-0.019470001448611787,-0.04811952453441562,0.012612215883076332,0.000559367895109499,0.0033644087645275586,-0.007487367159944586,-0.11687483126211246,0.01259054650398635,-0.009742608231469094,-0.047364605648887566
93,0,0.028389673517087242,-0.01095695061995375,-0.017472763724886563,-0.01630932558098555,-0.047514233283408924,0.01780325774103775,-0.16808021373352686,-0.017042295633523805,-0.03314596997357131,0.006782160564070383,-0.021423448118926332,-0.004231839406296523,-0.009184169977041804,0.016429175649522235,0.02885347438808297,-0.005782211854207997,-0.059472810519508625
94,0,0.054312987406775246,-0.0037687619216040433,-0.00932873023858924,-0.004187469480808585,-0.049977063327334044,-0.00764334021527352,-0.01973749743944287,-0.013591178381956089,-0.0385037932565149,0.0053010176690478005,-0.00395711242761308,0.004264623957069255,0.014971832006370036,0.01670070910449787,-0.1268928124132064,-0.012453291715213043,-0.07453527655891043
95,0,0.006928954593874612,0.013635237890916193,-0.004087316531919569,-0.021426167530857656,-0.04485528976336309,-0.0291124376127162,-0.08561539799615533,-0.021681592038272312,-0.03115592176016684,0.00789019090533063,-0.002168021929847508,-0.0003572068136717689,-0.030675663876476213,0.006002362958098723,-0.08082770769827023,-0.003840594844379847,-0.057678585184827144
96,0,0.028432122856320765,-0.008790004641525757,-0.031945494541253325,-0.03241510705643064,-0.04496001281863024,0.008765423121262583,-0.18240718421286345,-0.04314956735350242,-0.03312224570029926,-0.005871380178915152,0.001209600724889683,-0.024052082202227494,0.01771671358038417,0.05449424456198409,0.0037990823079237447,-0.009176426331724658,-0.05421950601476505
97,0,0.014692047447136153,-0.06866263099078493,-0.010951345383408206,-0.036612014566779934,0.07292383658088782,-0.005293203832282051,-0.1258110272244318,-0.014208684960720162,-0.07457448537572418,-0.0030749553651538875,0.0027459692249181735,-0.017388634484619414,0.007252333737146612,0.06763879020314788,0.023608781121898764,-0.003428263601646026,-0.00788166976228931
98,0,0.046099938666747366,0.021925601419832307,-0.011720280354895151,-0.01290323219730883,-0.05446925709439486,-0.013047186480335328,-0.25526416721265244,-0.024988294872238165,-0.06293514307011154,-0.0024778254346922214,-0.004310595890482106,-0.001751990995093938,0.02085022098898184,0.05150957973178608,-0.0028184382716520363,-0.008095463784531602,-0.03129528904833063
99,0,0.012352669161369918,0.011808080728298247,0.0016619473986444397,-0.022217155451652273,0.054349414062068994,-0.01829078730323366,-0.18559987367748834,-0.017653396430063313,-0.0571909924802584,6.91452731638091e-05,-0.004709674873979249,-0.0153697434466599,-0.035244259677610607,0.02736619207228011,-0.08332516726974588,-0.01000475651739703,-0.04036013213377381
100,0,0.05390514613436688,-0.020120140631946497,-0.007460998862991177,-0.004302349190120516,-0.031011088978105894,0.0078010167695672875,-0.24758192801731288,-0.0262693258853537,-0.05754199723056582,-0.004381418915391743,-0.00017039864944563197,0.003953414035921399,-0.011322499256787976,0.0590032754827959,0.0033735199785521136,-0.005302963148664679,-0.06159642086722328
101,0,0.04052086179819426,-0.02473815839760774,-0.009381383746800719,0.0031106809238084674,-0.02246596354384564,-0.014369587432603498,-0.15600897579232528,-0.013649776412192774,-0.05582955269186717,0.004969817421895891,-0.01017619289041746,0.009807743946790638,0.0055481720483423844,-0.10124446313230935,0.033802424950398625,-0.02892266257454021,0.023335191625709188
102,0,-0.0047401175154802725,-0.03800050835889692,-0.018039235895142607,-0.0018396209864177627,-0.03516230748410071,0.01277581012489965,-0.17771232023578876,-0.011326222275477159,-0.05410271416015623,0.008461711460039581,-0.0016865300062068663,-0.014302034175536644,-0.043470587575273466,-0.0449305882329793,0.00022667118869258755,-0.007251916952396108,-0.021257979485815176
103,0,0.04203403303667723,-0.030717780796605774,-0.06317207027648068,-0.006135333676852081,-0.002079428884540738,-0.0013544769731907967,0.0024405432049885807,-0.025273859713631847,-0.03949784130294026,-0.009024771810805235,0.009066084032295309,0.005424455760641144,-0.005208019845373941,0.046608933782731725,0.019111382694762022,-0.009490640520947667,-0.05508969927676506
104,0,0.049784821698806714,-0.03087202049678179,0.00137200193636241,-0.020645735136537793,-0.024495978871659822,0.0013795974149136397,-0.1891567852242457,-0.014255112346195581,-0.04082736959895896,0.0028657176407868843,0.0018359227190080385,-0.005086497139231875,-0.053969755910884196,0.034404828556732055,-0.07353349239143714,-0.004415018038946681,-0.053410282044435486
105,0,0.02372672072734812,-0.023349621614206662,-0.013813681303916298,-0.03663626509919244,-0.02470707177862453,0.05657414585367116,-0.13506827926205395,-0.009878224712965853,-0.027918137668551644,0.015920710804112434,-0.021409479877883848,0.00907347690519614,-0.0023885790277201513,-0.04520602906716078,0.027272727433422246,-0.010017776007377964,-0.0045331268701341056
106,0,0.04461749137404953,-0.007350103862103956,0.011633376597535846,0.004119984020397009,0.052640795060972814,0.01885295678362516,-0.2026329832268428,-0.00981555904769237,-0.06302296741507417,-0.004071422436361251,-0.008405602727468833,0.011219504251942946,0.00011179517734489373,0.05298483621496983,-0.09025898296726804,-0.009687123802528407,-0.02662781789486827
107,0,0.026403964888114008,-0.021143437132886203,0.003606118192996247,-0.009171695287479608,-0.06159907684797565,0.0059694618772500145,-0.225977339402506,-0.014243014448641692,-0.06406925648402674,-0.002676099327980046,0.0005053245360266821,-0.029845837227842894,0.01772321355137012,0.057382772894786126,0.005122297021874549,-0.011011272269487388,-0.02600128176629516
108,0,0.028375184125086505,0.00419876134519775,-0.00609409693687472,-0.02491557262111887,-0.037175852707098556,0.032181625164753085,-0.17744155116055108,-0.009282666467614461,-0.07294712579728735,0.010198337120736275,-0.0037377032274483134,-0.02321443610524193,0.006549118863871094,-0.026943739634266484,0.0031134549531321707,-0.0027209753752774797,0.01083208122729872
109,0,0.06302505321239012,-0.002763039133755842,-0.008580648027482866,-0.0015461738636986487,-0.06698045739170813,0.0012247294733905047,-0.10081506880548614,-0.013607519114935358,-0.05862576555072243,0.01376551128316935,-0.004227318205491004,0.005284251144977104,0.01057445380641688,-0.09746761497921369,0.0021973104203884767,-0.027200229655502783,-0.016615965178772472
110,1,0.019241014683151595,-0.01933629142234413,0.011247465170346315,-0.006201677738230343,-0.06562754365968039,-0.022983638898350468,-0.19957450059394216,-0.02100160775507169,-0.050660148676942456,-0.013523637536521483,-0.004917609666056299,-0.02179690774729273,0.01147197639611088,-0.016613883553128057,-0.006066277613804299,-0.010610725785970426,-0.02873782950164445
111,1,0.045634055984862094,-0.019778640465000007,-0.004073711264441295,-0.03593503416946793,0.03932638584582837,-0.0043281560649846805,-0.17703524430900264,0.02299200130003216,0.031983152777033584,0.0026151224567008253,-0.019097007455325377,0.0012961211664584103,0.007693039710078966,0.04312301989409489,-0.0014534127720171482,-0.005085185639730886,-0.053568330894490576
112,1,0.04811857009716036,0.007137233206606448,-0.00421644872465743,-0.006093419308231506,-0.03067417799655097,-0.018031283324020354,-0.21169381804109988,-0.02066949330049727,-0.06804906648039025,0.009918668570589607,-0.002526577285880074,0.0005710043077393187,-0.02287025090940104,-0.02076181497027948,0.03014060807796211,-0.004929266027950014,-0.02439562512380302
113,0,0.0668455978919963,-0.013471752470679816,-0.02256319427685827,-0.011477810431933804,-0.07321464562912237,-0.028746273553226582,-0.13775449120714,-0.02914738443779053,-0.03764615358098806,-0.002105221956186316,-0.005205473002655969,0.013141414670457768,0.0211380078998244,0.05304543529630265,0.03762370679071881,-0.0022469801443742387,-0.023906605757714687
114,0,-0.025235467099987908,0.009633930634014689,-0.011476293305993248,0.008069919448684931,-0.04134842942589793,0.04990504276086425,-0.12531318191838395,-0.026074145943953377,-0.023838947893315577,-0.0035112015535872566,-0.005431619225572216,0.004276300888342321,0.012085389599098183,0.016488935386352252,-0.0026606686468537326,-0.012617372968767634,-0.015310681301080844
115,0,0.02684336523629631,0.03704241252716211,0.004492365402872137,-0.002420909244851818,0.038205140329916204,-0.015554359870088979,-0.21340926068928961,-0.012339988100351711,-0.055943305539441546,0.0038461439944989318,-0.0037133694153872084,0.006512224607075688,-0.030728696789330344,-0.08599704142893977,-0.0041862546503725956,-0.008435660985723086,-0.033237962616747836
116,0,0.04370328712998058,-0.0404196153452678,0.00870646020567832,-0.019608080381588452,-0.018679577876753898,0.004872026328691409,-0.19487357888834073,-0.030902432401497964,-0.06082675160343876,-0.0014803461060774615,-0.004160177407709472,-0.02466750419609131,0.0015496886094473448,0.043405800111545656,-0.003800520537766848,-0.014951447356072352,-0.016892387517443857
117,0,-0.02425878121305695,0.01111735358630055,0.0023930881619859674,-0.002673607703785418,-0.03578253280642345,-0.015171725925709582,-0.20339772142557458,-0.020928263950706405,-0.044638260351507496,-0.0023009109818006588,0.005335409056426643,0.007767054624342825,-0.028972053534822455,0.02803444513983672,-0.0690137311251013,-0.010029785477999707,-0.026505133305110357
118,0,0.03173848888153456,-0.013812769717492982,0.010997264837422985,-0.004846173060161506,-0.04391668776758574,0.0005357976765057401,-0.2052104270124127,-0.018314161123961396,-0.043848094926526214,0.004092721111092402,-0.004100656361856706,-0.029671834619525148,0.014090812933138738,-0.021399669196421448,0.016769725832494146,-0.00572584303888714,-0.01640365168006125
119,0,0.004762654284288028,0.020985821351927662,-0.04479522583167166,-0.012427677645432017,0.06751311664387104,0.0012720611105609555,-0.16085286081390435,-0.022030648070799862,-0.03897696266862901,0.00643549079643744,-0.0022277957048844397,-0.01962129138864951,-0.04366333334994388,0.03916660487504064,0.00279024411082399,-0.009565798448146147,-0.034456223150260194
120,0,0.013336024445732743,0.019762779082133367,-0.014039667343648228,-0.004958867681579783,-0.04370371161327262,-0.0018179385119331713,-0.19647646774357383,-0.018290522675205735,-0.061982545994482066,0.0005449315697510667,-0.0021691251362239514,-0.01864480610428087,-0.029059086555868818,-0.055072929434994165,0.0025774240256092426,-0.0064406180259011835,-0.05925669620163338
121,0,-0.00891703682009702,-0.0028333197792177237,-0.0020627126201738064,0.0017479869040940977,-0.08072545615705354,-0.012560528883366182,0.040973904721606065,-0.004970784754818884,-0.026315025884666454,0.0028124463380819194,-0.016769917166837376,-0.0008963066393770346,-0.05149571232011098,-0.07851142744266236,0.004763138980780322,-0.0020883808145230904,-0.02784269156102893
122,0,0.03617553097847926,-0.05691916027044558,-0.004299047464588397,-0.0642183488054453,0.049013271667526385,0.003239821287972351,-0.20488309656777395,-0.00838937445714415,0.03051088478558946,0.002266938058424197,0.006172347455465275,-0.020827650938663313,-0.07198197825102721,0.045134650018176806,0.007650485042340868,0.00039531290954031073,-0.058065742681131446
123,0,0.024932065626686154,-0.0396506521196627,0.0016329794193532814,-0.012432872361597793,0.04448612476128441,-0.0009205223363464056,-0.19607709476423463,-0.017480851521613463,-0.07091689371509599,0.0011675521716659478,0.00037381297709061865,-0.015076972292798776,0.009563430441741395,-0.0007312836407076618,-0.039465224292542504,-0.033162609318689557,-0.07526614626723618
124,0,0.026892404750150034,-0.029897277505890024,-0.12544118257190934,-0.020759919726061973,-0.03812800397231788,-0.0030219527332849346,0.1463834582708963,-0.012813609928604301,-0.04171261917983427,0.0147267068740429,0.009634022851349618,5.121194600702941e-05,-0.030989170330801726,-0.07978007091039918,0.009634297646656199,-0.005518728341049353,-0.038284724371654304
125,0,-0.003454651392455446,-0.031002720990831716,-0.008072464648632992,-0.02383378754632327,0.06230399944594043,-0.019382847721744017,-0.16692230381645362,-0.011912171860923457,-0.08001103683580378,0.006324001847487261,-0.014607862370615681,0.00455880839726757,0.011951490229248945,-0.014146132240632627,0.002762367142654379,-0.010410948152405716,0.01349776994818759
126,0,0.02514524967487257,-0.04128757842486853,-0.016365999013193383,-0.004622638014216557,-0.05619833928375357,0.0038886385700148333,-0.1339740469732183,-0.024578233916600224,-0.051082801251432094,0.0059082196216052405,-0.0018140355649009113,0.0029858673471884617,0.0033107402480764075,-0.022223471267177466,-0.060745728943340106,0.0007422245043308801,0.021886775453908505
127,0,-0.03884924071757457,-0.0434330235884024,-0.01630264232157164,-0.0032297352766884847,-0.031386634704752336,-0.0025052722640266168,-0.1736484880465775,-0.012004997759857812,-0.04089748672688687,-0.00021192204107761835,-0.005655010090169041,-0.013398091440210341,0.006746742730703155,-0.07035015299317234,-0.0014950810840548326,-0.006696065688129036,-0.029041388553590824
128,0,-0.02580488475735922,-0.024588441015530354,0.010317178810865002,-0.014622719394381112,-0.05339657096794973,-0.008527737715141695,-0.03214876846079879,-0.02115215750788684,-0.02752901188602395,0.005967000096915808,-0.005405851597499604,0.0035934600063343824,0.01737608087909796,0.031236655174486053,-0.05526923042275299,-0.009517806536791698,-0.059552351938287326
129,0,0.03829214680520445,-0.05101239251821408,-0.015202398824369079,-0.06531141819412466,0.03782183026436938,-0.01346739414486539,-0.12663444944633323,-0.009224635813613123,-0.058762375500494395,0.0007578376578087898,-0.003647670850543747,0.00433408255968895,0.012572685535664438,-0.09716168544928823,0.002668717675802186,-0.007559965785681935,-0.017488071203713925
130,0,0.017379219103072968,0.06995835542563901,-0.027334634799123018,-0.0167342755463957,0.05198087472086529,0.03501892608677339,-0.1418546006717649,-0.007945975463000899,-0.030802672770498855,0.014168556601718669,0.008687722137482803,-0.005283713102681732,0.00014872985293433683,-0.05612010026192561,-0.007393699071175806,-0.022242740104137897,-0.030655129370486457
131,0,-0.0687214289519995,-0.030739909835185174,0.0045720111542987135,-0.0018652022094497516,-0.03779182364763638,-0.0010966015445227604,-0.1797871504890962,-0.008226048874756628,0.02101814822399802,-0.003809127395689346,-0.011800651641319831,0.000101102188665262,0.00914394154299918,-0.05175434799179342,-0.004346759989650362,-0.002586887675113744,-0.051334420096453344
132,0,-0.014052902238967291,0.02569371588983337,-0.05018442557892396,-0.017530452968752688,0.010155132413428436,-0.0009051118094643708,0.06833602650312312,-0.0031530756350474265,-0.02780476519272933,0.013508759374078473,4.4002131068483794e-06,-0.0007489819530591677,-0.020678933670643555,-0.03206707649464053,0.0008191132888959803,-0.012398753761577147,-0.06135115894469868
133,0,0.019695467913080154,0.010826911300878626,-0.017214620317079526,0.0013629026314876968,0.007314005976207216,-0.00527718676117987,-0.14318340558648082,-0.0019467608741345944,0.01782254410372146,-0.000993080557464859,-0.01204466684704469,0.007997077424333605,-0.011043735240114639,-0.05989448289949891,-0.020519844961174098,-0.007019781087465878,-0.031573168117441715
134,0,-0.07931085055240696,-0.0009032752127524846,-0.021333580328675508,-0.007497893681323346,-0.04860666297820243,0.004076673859271372,-0.15162132147024288,0.011704964561701996,-0.03902768100705322,0.002170918607659532,-5.052759637311075e-05,-0.0235691041417742,0.005882402435940764,0.027005869399408904,-0.06746993163982809,-0.01976631110705677,-0.05404217971433221
135,0,-0.04495508377968419,-0.05244791751444759,-0.0033562166190098646,-0.0006522054409007264,0.046647662303459056,-0.0004024618193544116,-0.21367418055345866,-0.015709292814355284,-0.05188695591786667,6.121867054896101e-05,0.002384546523990905,0.006802566881803507,-0.056591868701336166,0.03635948816240534,0.009770194186335096,-0.006431000325388308,-0.05161031714211206
136,0,0.00934163157968488,0.015774092067310994,-0.009303948054155853,-0.01287158730603092,-0.0586748762786462,-0.014148133279657108,-0.11690159281805457,-0.011925272747843295,0.0037981437633056703,0.003901521766962794,-0.015397580686119692,-0.015608791069068153,0.007279049196048433,-0.06456495629735537,-0.054067173101957564,-0.00089279243292809,-0.044762891534200606
137,0,-0.05831008647383133,-0.008670356504115387,-0.006836297172132806,6.947338214120273e-05,-0.09599420749673357,-0.003962599013381153,-0.06120461466056954,-0.018615710260284773,0.002139656850714856,-0.0028231814042055043,-0.08034748584974198,0.00445606950008176,-0.00652721256883068,0.03333836834619929,0.002543348649409531,-0.005873197964441126,-0.03240712459298282
138,0,-0.05271223789832694,-0.0650152615437956,0.007021126752759655,0.0009222846862004942,0.056038498800340994,0.04133992799092501,-0.10294052322872951,-0.008760770562091279,-0.048876078815623836,0.0032599097490944354,-0.00823818590710406,-0.010930847555521065,-0.01581811034105556,-0.10286089629766479,-0.00707527912513684,-0.0034969379588396274,-0.014215109311467942
139,0,-0.025624084230891363,-0.008941598706876915,0.004045518236725822,0.0006502525343789075,-0.04209743746924527,0.06024905155650959,-0.17104225491170486,-0.013539980550025954,-0.03317812035834412,0.007951301916535404,-0.023550305541844643,-0.014557377291539367,0.002396761012065159,-0.06719345139202149,0.0023610485155555415,-0.009820105115655144,-0.010467708769658008
140,0,0.01011503386267059,0.024894728492112543,-0.0043801291398543555,-0.01589811666701164,-0.04490548970812405,-0.011759976722205431,-0.172559095559227,-0.01574939889400698,-0.04713834443976693,0.0014669251004600617,-0.004460652672278867,-0.009543970768780575,-0.037184218983811364,0.025661031464244633,0.0034794379909873392,-0.008252065846236572,-0.039477521408541744
141,0,-0.0407019017946311,-0.032747248470688946,-0.0023594167631426632,-0.023553821826395614,-0.055864136131569604,0.0019392917245324005,-0.19756669216156297,-0.020981709094409762,-0.022390135225691943,0.0022450344042014066,0.0015396112796123083,-0.02551151747545466,-0.028677078261210583,0.02696538989594663,-0.007412405201929956,-0.00409324637915442,-0.049855175751154626
142,0,-0.046833870366004664,-0.019953753377382748,-0.003352013997837892,-0.0049116864462782715,0.03028523974610665,-0.009130430649522599,-0.2041466914908638,0.04062569518998426,0.025752241979848687,0.0024164428327037453,0.002298642206544972,-0.036961051843017435,-0.0054867788871778055,-0.09469885801947601,-0.0007457744002601249,-0.005603164974534082,-0.021912678068870456
143,0,-0.06527177947532194,0.014540687029093792,-0.0061497488298020405,-0.010493654561001382,-0.0485780142836871,0.013707332398608312,-0.1382358185993293,-0.013662043653929187,-0.05118764375969208,0.0005158745179997348,-0.006917576130503736,-0.01545390872666034,-0.007768251484504356,0.010880634249693228,-0.02316033963558676,-0.027825914503538995,-0.000631658451207986
144,0,0.02680188144646543,0.013107601843163797,0.008824506248822745,-0.008568422376274348,-0.08234081247960902,0.008744593567193783,0.07764442306202193,-0.03981576428483524,-0.02824207308250831,0.0059647904944786405,-0.005142197526661395,0.006280661185169233,-0.05684643011060144,0.05866246484716114,0.01187781986759282,-0.005159898676725928,-0.05415163459089363
145,0,-0.0384554591947496,0.0338521119141327,-0.008926257088152834,0.0012238492819859692,0.05648329013182853,-0.019200825334896372,-0.13709084713571618,-0.008650055460262283,-0.050735602707233846,0.0034278128437520623,-0.0042943796126195,-0.020373616616597076,-0.01595814171703504,-0.06892472931725359,-0.006859589389820807,-0.004204483461574559,-0.0003382343684904733
146,0,0.04412022398925809,0.005535980190160842,-0.002594615217104835,-0.005309266560085855,-0.037857138491057346,-0.011021558441914898,-0.1688109904349114,-0.014994437378639328,-0.056124300991039336,0.005522101350710199,-0.005394854456465258,0.0028206290222692024,-0.04389875086992813,-0.06818033564140653,-0.0008238359769454848,-0.006597941767441782,-0.02874939889149531
147,1,0.04971307795250361,-0.014213059296034974,0.010617524956179484,-0.005703997266263006,-0.05809951300554324,-0.009278327459770705,-0.14190182646727514,0.08402213683006737,0.03254647506311105,0.0013102548309785824,-0.005439110618044561,-0.013357248731261604,0.007367264240321133,-0.10357898558802522,0.00453915823175864,0.022696542491659605,-0.013598856730397233
148,0,0.015443466617227673,0.04579360438973074,-0.017370680201593876,-0.0029031227552036966,0.07168485794720074,-0.007552436741985183,-0.16416428386706258,-0.010949399810162483,-0.04392789575950479,0.006205293280606969,-0.0034819655562645245,-0.0017216244756349738,0.009043490788744767,-0.0796381165520414,-0.006459690042828221,-0.012632252443304152,-0.05306106871729613
149,0,0.020241885731171996,-0.023254391844435472,-0.007533876074402942,-0.012293022089222429,0.0406771057881035,-0.0006484642607638478,-0.19723967827711864,-0.017671628083257725,-0.06783276307078508,0.005598049726319888,-0.003980730946146324,0.008405145187074326,0.015059627208976965,-0.12220493584136458,0.005969930109815245,-0.010241903006244361,-0.02874217415709054
150,0,-0.038811234769245896,-0.027444260001715747,0.0013592295797809405,-0.00791422199341733,-0.03887312758950029,0.0006334008417404645,-0.18650863375278143,0.019975252555094167,-0.04476374699052394,0.0068746680676856,-0.007271901812841491,0.012376240680794176,0.015486085822119992,-0.05073294393850086,0.0028259378939595953,-0.011673075404489492,-0.02456282642086256
151,0,0.012579413179021568,0.03768080242207417,0.0038394976435690946,-0.011141709429626253,-0.07427007197191136,-0.0011565569942575582,-0.1589189061202188,-0.031782572475449564,-0.03975952437243781,0.003434268210111351,-0.007063802522868482,-0.023585384892910344,0.007749721019095693,0.013804043657130833,-0.027550239712202128,-0.030481098581738204,-0.0557363696234211
152,0,0.010606180990247226,-0.015954169451797933,-0.004203317869578799,-0.0017830191159225429,0.028764887346804838,-0.013101102467975027,-0.1377074257593666,-0.008191864066854978,-0.053907576857468574,0.0027857439820870903,-0.0009793626348623505,-0.0300594636341665,-0.03433123856693597,-0.03601740596013726,-0.05003619514298246,-0.024248228181847145,-0.08399493317528027
153,0,-0.035182158074245275,-0.04683775668183593,-0.013769946985202303,-0.000351787409957184,0.025694726928485682,-0.01156533248025633,-0.18133509470575732,-0.0077734240800334765,-0.05101394100968197,0.0015859961455385355,0.0003586728341762543,-0.008628384680491374,-0.023726699842565764,-0.06413380488360536,-0.0028687836524454273,-0.006429003415672384,-0.053048435239153556
154,0,0.03977202694077452,0.00034269187036054053,-0.00522515608171225,-0.013454675516958977,-0.06475878989871785,-0.01504802425553136,-0.18045383120134198,-0.012789217642660923,-0.03738039086576805,0.005250876668674321,0.0006212065452662324,-0.02333889515997591,0.009166189759393338,-0.05603995171157296,-0.06860104132524257,-0.00683862205561043,-0.023582886635413008
155,0,0.03424594838676401,-0.01321775409103332,-0.04070639958006822,-0.017855487254763804,-0.024316049058331957,-0.0030516112926994845,-0.045678049474070635,-0.010486145586145001,-0.0425743112091367,-0.00239455891893926,-0.006830746253018436,-0.01288848134749857,0.012968463131773609,-0.09592331520856548,-0.0014276320863307154,-3.919105545274844e-05,-0.028849836335188415
156,0,-0.056077342367215156,-0.03750753105958039,-0.004978445440320212,-0.0010471787993080294,-0.030976092059245307,-0.011553986389645391,-0.08193398385299663,-0.013143950588268193,-0.03721573576079592,-0.011774179241682286,-0.004624119645620729,-0.017205802897093277,-0.010571475047507236,-0.052387567176633294,-0.04880359632088902,-0.005332907440631322,-0.06722459647860526
157,0,0.01704597948084031,-0.018797615000050956,-0.016224146336210096,-0.007500030646699943,-0.03864138066184154,-0.019159483868323356,-0.1915565889045361,-0.023502673934754168,-0.06030771610323302,0.002498028477325619,0.000386524813267743,-0.015731637338054258,0.008806453172809505,-0.03388870464867662,0.0010193026057500462,-0.01896579786131118,-0.061172337145673696
158,0,0.016935773771259533,-0.02724697564531188,-0.0032206284968039106,-0.008608616543187965,-0.037879063193069176,0.05196979557079583,-0.14165268493515729,-0.010072108576895484,-0.045326564867684355,-0.003096183297278324,-0.019620487939905076,-0.01533010293545074,0.00843294044307944,-0.0434850250049688,-0.06420145608301374,-0.01951529928949746,-0.013775136876282247
159,0,-0.033157361620486867,-0.029379534623784894,-0.038663099934829796,-0.01770784164130913,-0.03985819611172082,-0.017318254014046526,-0.128335244532125,0.0025384756710016745,-0.0340794481136296,0.0011260721472374743,-0.0027422978489503908,-0.025715405903149816,-0.0007479260182082072,-0.05877357166304291,0.0003576473585821641,-0.008747178317398935,-0.05115532540017612
160,0,0.010551097849391046,0.008037126181372502,-0.04015959337074609,-0.014454336149711075,-0.06834151439374926,-0.001092693921894433,-0.1624238011033862,-0.01857772228100445,-0.037960070898961557,0.0009976842082196572,-0.0005421945780276334,-0.0280702772169035,-0.016909309800395404,-0.060299371119199155,0.004629407575416091,-0.007104525631700957,-0.057305062581423455
161,0,0.030861295330536092,-0.01387823484774827,-0.03820327071468457,-0.019975140043285416,-0.07125249019654578,0.005545564851246429,-0.1690941254078893,-0.025223875108082227,-0.020620426130273182,-0.015975752700724367,8.844982520957233e-05,-0.0001749093143256672,0.010526987628671538,-0.025818575068587063,0.0035198961417787443,-0.009425667653102184,-0.06992488382489795
162,0,-0.027027922845998708,-0.0311039851799105,-0.009864835472030844,0.0010642405206538928,-0.029919781331738875,-0.01704922938516612,-0.14195374297704533,0.005639919592950692,-0.04331093067608481,-0.0007777994175800177,-0.003079327229409194,0.006720707641003125,-0.0021431728404252815,-0.08077274512203751,-0.046938094635377514,-0.004618403057398361,-0.05389005481711022
163,0,-0.05259014149176996,0.00435143612357,-0.01177714304307198,-0.05302273130816687,0.05759726320255888,-0.006197588002351825,-0.17690646487986467,-0.012818416030156462,-0.04106473361083982,0.0021276585315723436,-0.024775669238379722,-0.013800474352246721,0.00569125595503512,0.009972550702805314,-0.012450600652404272,-0.023258927136678174,-0.05343576533564948
164,0,0.04108878126186478,0.002617517353168672,-0.04873752922338244,-0.006732877747054811,-0.0616530146347434,-0.015654834162570828,-0.14898307935903102,-0.012962408546247113,-0.0009463800691910039,0.001447320386102196,-0.010606145008762535,0.013679180462911025,-0.005485866854708785,-0.04632750268846425,-0.002557185550022335,-0.007825671001000397,-0.03605212851823799
165,0,-0.06850745888428966,0.015514999540537333,-0.0065712871659031604,-0.04856512785374246,-0.027552534648557562,0.026555179048086148,-0.177253671033231,-0.0103149823243824,-0.04846135233477161,0.003192064617006417,-0.003610480129165882,-0.020966301263033227,0.0011409441515853453,0.006970995435953129,0.004083260111828688,-0.01194159618117159,-0.022737808319452293
166,0,-0.04239504935981874,-0.010858283762004128,0.0049121956129251805,0.0012101809728528594,0.04573649466288684,0.0437245698470539,-0.15657679922780024,-0.0035800448296581682,-0.044276953825440536,0.0035343733095106345,-0.010461025258510172,-0.02469494368323045,0.0062244898050525825,-0.05834378909447357,-0.06553617384954774,-0.004839920549068151,-0.022804478003434745
167,0,-0.06998723246960027,0.008044416533849512,-0.008548836834035983,-0.0036530023277740863,-0.08150614752785891,-0.005024467005558136,-0.11334804981622834,-0.014045106840111263,-0.049247863363619374,0.005311426013487448,-0.001122734900705849,0.007193473024861251,0.005886581224883293,-0.03214237444895928,-0.04797013841110204,-0.00983421502607075,-0.009030885058160956
168,0,-0.018840266203279096,0.0286612909524198,0.006068186802491888,-0.008894317847210061,0.05413654252739635,-0.002029649514818834,-0.17247111002356422,-0.011272490462623283,-0.036029685781801546,0.0060447972109307834,-0.04426882608933841,-0.0005111167816223831,0.008925807564655986,-0.08273587616719615,-0.06785652711465327,-0.010665609948628321,-0.03728630635586316
169,0,0.03533936243691703,-0.02368624522057191,-0.029483432203135745,-0.008584563239735436,-0.0491219716189054,-0.0038466063565038315,-0.09092051937035184,-0.013218862134603123,-0.019191020939124493,0.0008239541322413184,-0.013035151571227904,0.0029368307672048024,-0.007243751894113789,-0.06573385436068435,-0.06430786917003777,-0.008186940464122515,-0.06156451602594921
170,0,0.03664843270531467,-0.03916917490816191,-0.017270016407209654,-0.006074615337814745,-0.025638653649765718,0.004731559921895419,-0.1511682418376977,0.00962099750124135,-0.04635754689176243,0.008172678690874813,-0.005590033826651668,0.01716640025567926,0.007619877652111671,-0.08071330356007714,-0.06787412536980872,-0.02616750188301322,-0.020295223621191988
171,0,0.00043130565157299905,-0.03497601658767698,-0.02500614615212078,-0.005086435137714321,-0.04644995707583256,-0.014792063149815567,-0.05950395592361053,0.024934455620886167,-0.0614302557888585,0.005118263249635937,-0.00645351527480004,-0.0007991002452655719,0.01042323439269011,-0.0218658984050866,-0.08012976725150762,-0.006552034604448605,-0.053553937217419086
172,0,-0.04447038839303377,-0.03847030458880712,-0.0008514298990980131,-0.02250647662469046,-0.0460271338455374,-0.005274828472540906,-0.025919476585493612,-0.005091734776004904,-0.05927101748185528,0.0028968364330370154,-0.026935982220457795,-0.015089236576076116,-0.009108497261600025,-0.05476361229176011,-0.02429765958234555,-0.009113096256094832,-0.004731118810345272
173,0,0.01779106859269098,0.014059757096405173,-0.006508046637724124,-0.0145434281638888,-0.04235933238345903,-0.00016413525182509066,-0.13790145014797406,0.0171895215497199,-0.05994877757770264,0.009386382915598665,-0.01380463485827204,0.0009850433202590457,0.009219017714245834,-0.038500394225089135,-0.07524136493121553,-0.03238089913341462,-0.029636818444392695
174,0,0.006165368307736492,-0.005468618652013325,-0.031159190337596537,-0.0142381999087084,-0.041968569122879995,-0.007911905157248298,-0.11359686693891775,0.013557951496196199,-0.033176136523497005,0.005249130456019351,-0.011264636552880963,-0.0036002825864561204,0.011835603934730942,-0.07790042775379273,-0.04775656906461799,-0.008171905958658713,-0.029619902870119917
175,0,0.01788524890657356,0.010153329866106689,0.005856667826654399,-0.02974034512155866,-0.05113569794150698,-0.0017201269794116555,-0.15576927193662984,-0.013481560605918529,-0.005665060517612612,0.00679392327344623,-0.002567792964514579,-0.03366844122189014,0.0028822667783493226,-0.061197618863558526,-0.07380174302227976,-0.002631174528754445,-0.02455109351353179
176,0,-0.037186585295434706,-0.028933347854133283,-0.03694736632182052,-0.018242040614564105,-0.054611978428578324,0.009483446654940842,-0.14137748416070783,-0.017758976249335017,-0.030565214156503685,0.005869548720576717,-0.003780942201444791,0.005447902943086538,0.006370275055742799,-0.08282453718148171,-0.0035173726536535405,-0.008433625134294662,-0.018683527021765792
177,0,-0.05586200056205095,-0.04441010472626292,0.004934905948234443,-0.0063803962479922665,0.04271653558429536,-0.002056551812465507,-0.18018067609376764,0.0020464528073369016,-0.04477962105510184,0.0038259599756464736,-0.03457444023745762,-0.0010429627820245076,-0.011743766144945402,-0.07412713252334356,-0.003344604196964217,-0.007034627191365334,-0.027012127974474397
178,0,0.020444180085140377,0.04786590053214426,-0.007670559492554913,-0.0013032451058930818,-0.06522659703975045,-0.0027639532863103075,-0.1884605643675545,-0.019716832572426242,-0.043244836865560785,0.013425223204137927,-0.02691875636625325,-0.007735618900747153,0.0012409551487736767,-0.040756245310814426,-0.0020861248236125566,-0.004526119787589914,-0.05825862895049994
179,0,-0.08884536786370058,-0.004642022265201797,-0.014386971093430383,-0.004179224173879145,-0.10333566918106284,-0.018357546616634083,-0.18671550118130423,-0.016766609126361572,-0.03858805451561725,0.0007249902498248388,-0.003608605541211234,0.006573021392918633,0.009594804248081654,0.02898717700854215,-0.0017395242638138246,-0.005119927012772049,-0.0252867939637485
180,0,-0.023311038539325007,0.007591497525618408,-0.005333172955338933,-0.0001274056926645149,-0.0698730949334313,-0.009146337227354952,-0.1708428368207719,-0.029312754899678477,-0.03817972300755647,-0.007292644352873386,-0.0043859696244249536,0.005630362925453751,0.01189990959534426,0.04271245967397278,-0.06696961018179243,-0.0026939238959022447,-0.06272420815531232
181,0,-0.04985582069494006,0.0005995174538268432,-0.03318175665240637,-0.006754063642919922,-0.06435876854483973,-0.012408135010691518,-0.19624874575292234,-0.014426469670798778,0.015348283516217568,-0.007081600749262947,0.0010460137370565232,-0.017985567371425492,0.012010422552528573,-0.016907180959587355,-0.002018439871985741,-0.00466075251050202,-0.02214209306005178
182,0,0.03433651710951322,-0.05179988842249006,0.010603284363420987,0.0008993528425481343,0.03897027060396444,-0.011874527946072513,-0.06466343643617008,-0.015556045319597412,-0.07711459304204617,0.0011080754508066514,-0.0010036852514683575,-0.01237427690552166,-0.010711087613388473,-0.0862655000666534,-0.0010554484300402285,-0.005706640384216866,-0.05681752778529116
183,0,0.020878986103503704,-0.01766497218110851,-0.09296649695628886,-0.028614843584247037,0.049975191787907755,-0.003458213825833673,0.0682118541722667,-0.0006811739516064172,-0.03135843585052825,0.0006962223082854935,0.0032261685645149038,-0.025339624642778138,-0.016850099090917493,-0.08602873704479908,0.0006581630078239728,-0.012066694064277376,-0.04097578531795406
184,0,0.013301590217724799,-0.03924596697631404,0.00038380756080775544,-0.026951662003744162,-0.04437160198688567,-0.007187687006915773,-0.1329873762769839,-0.017289128857358883,-0.032164685355811906,0.004377163885376839,-0.008912279300486804,-0.002647361244567204,0.00969921175712089,-0.07940944285379944,-0.05470508206832559,-0.01260974365271054,0.005028420263503419
185,1,-0.057779379562583534,0.020057879169396515,-0.02732714618264367,-0.020664024963116825,-0.06048994899259092,-0.00825977460641603,-0.15215167167384286,0.01468195204298236,-0.039878600639866424,0.002493360375796918,-0.004351502301387926,0.009271305065630267,-0.008520344440649393,-0.04516258345611445,-0.002142495773345024,-0.01156833077927235,-0.027233850514679615
186,0,0.004970802286899526,-0.0017497219344180571,-0.012199435817823477,-0.005268576844323134,0.05982295015051518,-0.00010845329880031361,-0.24632262016196446,-0.017716854210151064,-0.0546915078828895,0.005667011009448667,9.386288068017042e-05,0.005272882885864024,0.012189938123959292,0.03307113880674085,-0.03329531415870573,-0.013588273283364804,-0.0718396524510375
187,0,-0.02459715589089063,0.01115387495950577,0.0022505194041331994,-0.0238038163743242,-0.04391788235157167,-0.018531104348500776,-0.17926336695823977,0.0064640742036530556,-0.03930603786272064,0.007905450109373694,-0.0053870399032111705,-0.026373903595334137,-0.01157175725892982,-0.08218792848608553,-0.0008930626343796619,-0.004245492073794354,-0.050053861504722914
188,0,0.034875786439210174,0.005523358642310298,0.003931213542867876,-0.018981054250112157,-0.044632637200741315,0.001988483089734383,-0.20691321351803021,-0.024252601503423364,-0.05776468553487248,0.0016291655587816055,-0.006575982182656748,-0.023758888916146158,-0.03211369658871827,0.024577657731657463,-0.06602039595793276,-0.01724461032366702,-0.029959722927632798
189,0,-0.0598435086058689,0.01956781669446388,0.003722479219115931,-0.017393789175153124,-0.13615832949756476,-0.008926394277279703,-0.10104544650724108,-0.015980718272849526,-0.05158687503961267,0.006203748340418442,-0.007301012965394959,-0.011517513986091937,0.00026003413411132504,-0.015455006893835863,-0.02317735463913664,-0.007799535122677936,-0.029260417304773325
190,1,0.044528772562352,-0.023059779103500138,-0.0028816586176640705,-0.005045249787615341,-0.05879021523537936,0.026464405134261182,-0.21054000087697672,-0.010640498276204901,0.011943929813295378,0.00749909104679234,-0.010499183766377469,-0.0190330097391059,-0.0026085816648761463,-0.0793186771082329,0.00576870890430847,-0.009568759930753505,-0.013244450587027109
191,0,-0.0854336654291736,0.002725097683517155,-0.007625285338642053,-0.011178298338611803,-0.057368312845823735,0.005159931367263415,-0.163859925726195,-0.014056199282598865,-0.021762444242315316,0.006775466681033352,-0.003446558878645361,0.0062010749352037695,-0.007903889901537595,-0.046936262541612206,0.021343526484580974,-0.02295751328858784,-0.01536856523722638
192,0,0.041412592173324596,-0.019721768759937138,-0.011492494754421172,-0.00889292931464489,-0.03725676219180157,0.0034733274017132118,-0.005359166106508971,0.006599351189286234,-0.037792714447988277,-0.03193822072680138,-0.014308140130758453,0.0029352391684497998,-0.013207718907803047,-0.10920882134809658,-0.07165422766863008,-0.0025956865882369564,-0.0466836828865179
193,0,0.015886627734538132,0.0102916296073303,0.005157394153376715,-0.018250562051825306,-0.023201382282131554,-0.014853273879375514,-0.16206868651490025,-0.004294132951713058,-0.04717820363593656,-0.031867678197830096,0.0002739387069591713,0.024703198671769438,0.009277851259259843,-0.10302598895868019,0.024905502706522614,-0.007802815235711677,-0.030311909697689994
194,0,0.034631451640285284,0.013067717212797368,-0.010817986301988802,-0.005644305119170088,-0.04039800127688634,0.006106150700436516,-0.18883470528241694,0.010517360575166555,-0.043418063801091276,-0.03437244532448407,-0.002727941908636079,-0.008014571940515613,0.0025709867120499654,-0.1208503504620585,0.007565957659994436,-0.006439738271215136,-0.025300005378306026
195,0,0.013448815384133735,-0.05090218882604362,-0.006849045452661613,-0.0013841797115163098,0.033279110280814074,-0.001916195136813541,-0.17570648541850742,-0.013429039721628802,-0.057682402054335766,-0.025150344069803,-0.0011989545799623428,-0.0012117550292142362,-0.04088603851040253,-0.09990887240252548,0.013579056574191553,-0.021469592832812644,-0.02497037905894973
196,0,0.019829072618100817,-0.010532573165249687,-0.01571783248451174,-0.013452221986865822,-0.04026642510732929,-0.0126907739224644,-0.12513137695006432,0.0226401478832356,-0.053070372675206125,-0.02860988996267429,-0.0017109188944104197,0.003163588224802229,0.005404138215233649,-0.0868404069405966,-0.031508726953376844,-0.02173814113798729,-0.02212577732667269
197,0,0.03527189790348518,-0.026420127944472765,-0.004481590062326157,-0.019025375464834845,-0.027743324407743995,-0.015435797807105028,-0.054830621080487155,-0.021411767970169835,-0.052527379180501974,-0.027882039063625262,0.0013705360358829241,-0.005320771932112107,-0.020783966012842003,-0.11979032267806249,-0.0010446220600566557,-0.008173134115092573,-0.030796751392639873
198,0,-0.060626331601453906,0.02332255997402392,-0.0071143928598806595,-0.0012375762251867332,0.052824327730449316,-0.013617730782409519,-0.2713819139222609,-0.01551251422372322,-0.04662626829973428,0.000418876797430196,-0.004962667411972778,-0.015252330490253124,-0.028511287742248276,0.01675000508483403,0.00788875968801325,-0.005857861309793457,-0.03286214497187032
199,0,0.032332313659050274,-0.0314154663802126,-0.034096861435901425,-0.00898133030030711,-0.03786747851442154,-0.0011614418054545135,-0.13172612673204814,-0.0027553607103213986,-0.04183545437273247,-0.01251994276892669,-0.0021700135888356293,0.002036114953707014,-0.017999102063151917,-0.06468936098936798,-0.05460998947374311,-0.008681870378106776,-0.05621711966526407
200,0,-0.04198535947240297,-0.0033758397385515613,0.005319137483875384,-0.024979526818522762,-0.008334743116283296,-0.0056890695686700144,-0.14010348325511784,-0.005975914524232451,-0.03641997996813188,-0.014856351046812896,-0.0176561365238473,-0.015119802684315495,0.005006757153314734,-0.04736863807994444,-0.009026566633913291,-0.007936915346693925,-0.04718939175912203
201,0,-0.060539594053639796,0.03110115017393516,-0.006142097078392129,-0.005202873140889656,-0.07647587033707777,0.0006697086607993447,0.07076909141368985,-0.009346903910301104,-0.04972019976981384,-0.03240241185262622,-0.007887273380785006,-0.007137729802744855,-0.022066149711507322,-0.06094674435935505,-0.019346339208156683,-0.03740286135767942,-0.04361472618482646
202,0,-0.05402225102087946,-0.018479079864836514,-0.0028091148824377033,-0.04921055728310802,-0.023509034697839083,0.01522507150524136,0.04494346047759945,0.0062011506868215145,-0.03667978282978003,-0.019438016575144518,-0.02599164420573562,0.0024356559529191265,-0.025109263894995022,-0.049208178547441875,-0.043012583384128784,-0.027120417198876857,-0.019907238136749748
203,0,-0.031936141567564164,-0.03492792983490793,-0.011097016443084352,-0.006522395680405968,-0.04247772210781529,0.0354819816464472,-0.07854114606686774,-0.009947091347797579,-0.044823955629865075,0.0006416319409004803,-0.003009380308894272,-0.001162444153307138,-0.015229422651063307,-0.07999303936086649,-0.028638258000600787,-0.009280409857291668,-0.057562417809721614
204,0,-0.06833326409710512,-0.03129696110044535,-0.009978935958319059,-0.004932739686646468,-0.08813022429057904,-0.0042106661929481965,-0.06141857037831376,0.015614840389211961,-0.04919965910342102,-0.013090849524240673,-0.0005609595565809107,-0.002057468423817138,0.0023357429532886676,0.012263583814431307,-0.025264028061035,-0.016710852517956655,-0.04405414549822872
205,0,0.03503644052476753,0.0199930987751067,0.0042223368137588166,0.0002440807863986635,-0.05234328111196115,-0.009699235504984225,-0.17373729438590346,-0.01942941238335248,-0.022000079510988615,0.00549638226157331,-0.010793169860907847,-0.0018201969913190451,-0.0029035425140909797,-0.060903849496935086,-0.009219821670345128,-0.004386368933004899,0.016552089302817204
206,0,0.058398288942248806,-0.003390304106453554,-0.01521794123589446,-0.02441787766937823,-0.06431968048831262,-0.00031261012694942683,-0.15122166533227785,-0.011517580560912719,-0.023150428851049763,0.0010678795696648078,-0.0076878644895804395,-0.004034152078671136,-0.05576885210488865,-0.011524215629158834,-0.001352942093862763,-0.008777782916718638,0.037535905272824896
207,0,0.025198116833101993,-0.05545595461912575,-0.010135251854862802,0.002433316976444648,0.01606060794823745,0.011853583175850942,-0.20575854337560154,0.005472655306688988,-0.019594156399445287,-0.014883876415340483,-0.00017072134554527117,-0.0005674124782841417,-0.03851116266961565,-0.021098521982506974,-0.021985252825621436,-0.005195320754883896,-0.026687262752195226
208,0,0.028931831180365,0.02454775660318228,-0.01842215230171796,-0.029427698577931247,-0.07660237828183511,0.0143550620013113,-0.18356582675905633,-0.011897583220232691,-0.01802170297994904,-0.019547570249972807,0.0002679243326700949,-0.003782065032489436,0.013002683033447614,0.032426783302983264,0.01102087347550261,-0.006486152994063378,-0.02582494076491945
209,0,-0.050817920297336665,-0.03581813805686912,-0.008341786330876979,-0.037154969339597846,-0.022847756068165467,-0.004849329937481219,-0.06811505741416074,-0.027500371478615834,-0.03490022011140855,0.0008386498028189631,0.0017670877357728472,-0.0036703995494113077,0.006596764789077333,-0.07082684794098669,-0.03756207365125986,-0.00340818994596817,-0.04908126610490104
210,0,-0.0496556127140564,0.0117186828565846,-0.024417262506395625,-0.0029879995600248033,-0.030310465738814327,-0.007255515201807586,-0.12970776671963727,-0.02118417167466825,-0.03862464579030556,0.0005038487635894328,-0.006473343687187154,-0.006176882436344186,-0.015470578615450967,-0.07070741945376242,-0.008962098887830887,-0.006214793844837134,-0.05309913202175664
211,0,-0.06221107208582988,-0.03573557036279463,-0.023843798471128098,-0.0007637542586680673,-0.028131685434538495,-0.007969439763665175,-0.14476823970583322,-0.050397801324713845,-0.04270100087557126,-0.0026006074138874833,-8.843409459804046e-06,-0.0015168919575386268,-0.028313911898306506,0.02857044636140612,0.015747914046567477,-0.005333620210984337,-0.0190472804677596
212,0,-0.05538737555630935,0.014890637543081646,0.002923196491810515,-0.010150124959787898,-0.03310412573424773,-0.012392779448446396,-0.1553902551073385,-0.03501775555154748,-0.05181958076193784,-0.0016882554651318975,-0.003688969124980754,-0.013960602774057852,-0.02709884787420366,0.005829289790762422,-0.05445967382305398,-0.00793110601359915,-0.023912162197050033
213,0,0.019572610950445414,0.01854155211361533,-0.006870241189481228,-0.0021281042733831235,0.06239789369630093,0.0022170588684246087,-0.18841440268244797,-0.030127816335902263,-0.08177350129618148,0.0059568889697227375,-0.02256299913553827,0.012009454791482457,0.016091450518978975,0.047135565651647574,-0.01959938764685019,-0.035716727038475934,-0.03575445319506166
214,0,0.030000573629022958,0.017029272301362315,-0.051618649037222054,-0.006595880054436965,-0.09215323278101246,0.018094440681649823,-0.09273232004041598,0.026064321606321814,-0.04522913326863574,-0.018794421961984227,-0.004387330505113032,-0.00012626102880649277,-0.02993396351188007,0.010611263510034608,-0.024899154891934623,-0.006505020183716575,-0.01451632836260434
215,0,-0.08566250763554421,0.017970308392245442,0.005897560912792608,-0.010887638693236478,-0.02966285665610474,-0.0015886612569592782,-0.1142963641192096,0.00881264592110907,-0.04993259235142256,0.002201843538600459,-0.009620786737856338,-0.00015949063082561023,-0.0007995930298961306,0.03794059855580751,-0.08438184766900221,-0.012834667536844788,-0.022021108236357494
216,0,0.01027034205713392,0.07177162772215905,-0.015064375764386195,0.0021217919606716837,0.062258245056647954,0.024795039685151454,-0.12427901499850201,-0.005696454332160407,-0.0418533162498059,-0.030883530999396454,0.0005167352198762072,-0.0051049173244777524,-0.02377485566234384,-0.08650270733691191,-0.06456970588244974,-0.0024449155823695282,-0.05058514480154023
217,0,0.03065636721894306,-0.030816919349027815,-0.0035307859206762976,-0.009615009948857833,-0.05106153083597604,-0.020478735389415234,-0.08535232679546634,0.019048539095070597,-0.06689500943968894,-0.01734543179401561,-0.002477928108146697,0.00775650424358557,0.0071321818051548365,0.04726757086297603,0.021443977727179157,-0.0287339367653667,-0.012689350505642537
218,0,-0.054116929119127466,0.029288506771141847,-0.03623895437806906,-0.009355157960122013,-0.04407230957252848,0.0002735737627669528,-0.009302343388546516,0.0043724283671506825,-0.05019932851568606,-0.01965656743518603,-0.003052493639499604,-0.0023952106043563593,-0.015740890010935735,-0.027304992402726238,-0.06548227485541294,-0.007024938705521445,-0.02568394221271321
219,0,0.023465931692103117,-0.02491066276069416,-0.0322348718006153,-0.015823486609200424,-0.05055701581666557,0.010428004569567368,-0.08673873015423898,-0.00434078208527776,-0.045880263669001456,-0.019930718882639992,-2.971158067956849e-05,-0.0014497376542974467,0.00738673645687146,-0.07718412850656602,-0.06541221413058924,-0.00545168556319898,-0.06036182073758097
220,0,-0.03720932267899731,-0.043148601232596825,-0.016695655990041167,-0.0028168585152170207,-0.027846125309518126,-0.0067741676981566785,-0.1402619029182633,0.0032666554152119918,-0.045392441296344496,-0.00447610513099973,-0.008662637161600154,0.0042413455961959725,-0.04817280628821031,0.015237732989539064,-0.041200321824799935,-0.006763280493654194,-0.02235066469525238
221,0,-0.03520123647445556,0.016876825890786262,-0.002635728581382714,-0.0003953850923555531,-0.058505836877939296,-0.006930207843253656,-0.2110476897708819,-0.0013692224691557867,-0.03345381311749227,-0.0035678829563079418,-0.0025535414247624686,-0.0016956123042230764,-0.03480175024836861,0.0325179353063547,-0.05446129623298294,-0.008500167038777741,-0.0266338813308387
222,0,0.048782064429021034,-0.024740855750377735,-0.009151122724644287,-0.006676971754891723,-0.016698439820645207,-0.0033541165659727204,-0.1855254387104154,-0.0005943741474495816,-0.06823318463249224,0.0006899727431440444,0.00352357885124348,-0.007760645033765741,0.005390491148692745,-0.07105882435601353,0.021859720487218945,-0.023721957124724448,-0.05842172093729805
223,0,0.011518139723346544,-0.0015067477913978504,-0.006348794562209666,-0.02737404144595069,0.03981067627171206,-0.0035644516925547754,-0.15395861237502442,-0.015302139087508953,-0.06830222263748212,-0.008654622874580822,-0.0005402422945051488,-0.0005789571287952089,0.00238227431975779,0.03833755923967954,-0.07519099555695767,-0.023962229264940724,-0.06245641674195749
224,0,-0.03295484756233054,-0.00509639696706398,0.01007535840344547,-0.007924837872921808,-0.051627448119163775,-0.0037647469384949643,-0.16396026318144408,-0.01676143295235116,-0.03866971710186407,-0.009855270866405964,-0.00022129285206126952,-0.04359752856061076,0.004412782743621805,0.04963676201334702,-0.0029584982574880755,-0.005858498846258688,-0.04989928031465884
225,0,0.011999956821081983,0.024735510576005374,-0.0204223217499552,-0.002925886107556616,-0.1021141352129975,-0.02146842878458985,-0.06827057195974308,-0.001513681593534807,-0.05499739523984326,-0.020728625300353277,-0.01935898079692045,-0.0029140803110697467,-0.00029384316077701704,0.05241746275516804,-0.05869293511511733,-0.028202407293265994,-0.029608128092566507
226,0,0.044039165598560644,-0.0213102831366448,-0.001959635626107461,-0.002843335056494761,0.05530764705328384,-0.01525637072567339,-0.2056438000749556,-0.00537279103071532,-0.04529392109304812,-0.018895307808816552,0.00408256385285061,-0.05620633047159453,0.0019097359898609168,0.050733949449966974,0.026728831660834486,-0.009588827830677986,-0.05945644798333396
227,0,-0.023055430656026183,-0.03519408219894468,0.0018678612652021922,-0.006030744393067413,0.04482693612234856,-0.010237052687589154,-0.18728480701507477,0.0036893227131326134,-0.05763715949845236,-0.006264256837529107,-6.975423597910135e-05,0.00017524104955707608,-0.04752946799123043,0.04085368090384113,-0.028770854228561602,-0.003811794824309553,-0.06788612805335406
228,0,0.03693726991083666,-0.018392110510135024,-0.006867591686665726,-0.014841240823048218,-0.05450473325682374,-0.015746470096114837,-0.16673376577067126,-0.012095925189663436,-0.05120090987178081,-0.015936269117229902,-0.00197277069951033,-0.03581778608221504,-0.005123937370105775,-0.05469216349345845,-0.019306465912634452,-0.008250954520217487,-0.024479332743265907
229,0,0.03441963632381756,0.001048757169785677,-0.005439924860100527,-0.006832914031166849,-0.03475232166811435,-0.009467307388680566,-0.16400260196344268,0.02604282572902181,-0.052206074623064334,-0.02083975804964792,-0.002248517701202251,-0.040485531027537845,0.006563453948021408,-0.04964172978532931,-0.03827805542594812,-0.01048288095531709,-0.05908887959046514
230,0,0.011391622056746844,-0.02714070101473639,0.005528873503723591,-0.0037302856665853146,-0.055484488523074825,-0.005502318456778528,-0.12888594788020138,0.007240274832192962,-0.054401310739878674,-0.001231022697989932,-0.00344830061621322,-0.003008804036124788,0.006427279555968448,-0.056187350094224923,-0.05677808878093691,-0.031200305871501657,-0.05928094946975784
231,0,0.035227852053379825,0.002311019581999285,0.004025592439262268,-0.0022833545111019217,0.03915527063771376,-0.0033418022024551694,-0.1896786236320067,0.009097319280372,-0.0432511361632955,-0.01688166544001641,-0.005753922182696385,0.0011356911428547257,-0.007011795653472915,-0.10961303235443724,-0.05876578962158217,-0.004932775819947429,-0.02846400478727209
232,0,0.04788352414717629,0.029066591047854674,-0.009561967092389495,-0.0006147295440058414,-0.07343248976325342,-0.006957117586221736,-0.13511744858808783,-0.006674312492005895,-0.04491499537394629,-0.015264322550634108,-0.0035751282053574007,-0.049131947877542326,0.0024170876413636523,-0.013918889966694067,-0.050096253663878765,-0.006053827252434177,0.030254403220684435
233,0,-0.033203407142424375,0.009189137402285778,0.00807703501858204,-0.006137762541382562,-0.06626742890169268,-0.026717663715482304,-0.2001998352529114,0.005482951674520277,-0.048870441512907384,-0.010232584847534188,-0.00604158473924685,-0.05689261767954427,0.009408241831087953,0.023708571761830693,-0.004442557794348393,-0.02345796622966278,-0.029093911230540254
234,0,0.020606474518069583,0.0012788022310356924,0.008252991898304675,-0.004034829586070281,-0.10005872111751658,-0.0004178938184183453,-0.05213577180642911,-0.020502548122925974,-0.036352310935424716,-0.018407905282423625,0.00016135802184290586,0.0034883909529995275,0.010396993840477384,-0.10381239805963643,0.01621025538553138,-0.018757273397925885,-0.06494077195419327
235,0,0.0392989291133051,0.013522744732926136,-0.005266331188576411,-0.037243408422301935,-0.03594013433423129,-0.0069855079474308085,-0.15830195580593104,-0.0005554494964662729,-0.023562071491001358,-0.01372412157016347,-0.009099833541149224,0.008457018225857094,0.006951356359169206,-0.09124396528776527,-0.0019946739308421687,0.03091417763522289,0.025748069716672994
236,0,-0.00951771651126947,-0.05527485346752004,-0.0033342404488252973,-0.011511553451787882,-0.07104304642496446,0.0015202184050538993,0.09546507536188738,-0.007012459568007317,-0.047754135898022236,-0.01963722648650236,0.0026894257121781884,-0.012171598488626381,-0.0005928737895758103,0.00983385583838588,-0.1075690723774761,-0.01615610206102213,-0.026958853576606358
237,0,-0.02787673388013234,0.012702969427347473,-0.03428104204284371,-0.021442795076029357,0.0398945229087378,-0.015696022034296035,-0.13375083180395106,-0.009278356158420206,-0.04276190352816601,-0.011851061112690263,-0.002458888184018548,-0.007089488806372094,-0.015282966784253676,-0.1001559697231049,-0.005753033381127245,-0.004478885722356545,-0.0627980046643624
238,0,-0.046626244411243405,-0.041447682462431135,-0.00580987544257858,-0.02142841941373549,0.048714599443641066,0.006837360730900645,0.06552698942082491,-0.008438234445963035,-0.011854725988645972,-0.008711051376010049,-0.014421517871674328,-0.0786578732507967,-0.010372625413297863,-0.008064285079176113,0.011835324829497043,-0.006210076897313352,-0.05656348627136907
239,0,0.021207553946072846,-0.03534640113777588,0.00699522776803937,-0.005692037716173693,-0.0761425112427386,-0.009158784195454676,-0.19341863018342934,-0.014183777585670956,-0.03563057413297408,-0.016643016793806465,0.004723490742990538,-0.019919546126584604,0.006026667331792947,-0.03178983595615151,0.002604316278358907,-0.00753162277285721,-0.06179234212300842
240,0,-0.048943911746702526,-0.004434488507199524,0.0049143588117072845,-0.003862069019647587,-0.06527843124637239,-0.01032667853212633,-0.13687270214250394,-0.012439754411693543,-0.041213988222945266,-0.012841160665588618,0.0008422157324758185,0.0037852367375382973,-0.04418245305117484,0.02390018936547422,-0.058838344253504433,-0.002832923878904364,-0.06040025220153448
241,0,-0.06179586382444792,-0.040092926179477795,0.00032440303829865,-0.009268040524485316,-0.06774136468955738,-0.02256544333784896,-0.02329565038955173,0.0008029006344459124,-0.06658901349112292,-0.01035998242570454,-0.011585765640194734,-0.004684997448582562,0.00801911043463633,-0.03481547399381394,-0.06859617980162351,-0.0002956042643489774,-0.019818598662658338
242,0,-0.06923361359278143,0.011944108520090603,0.00544680478208625,-0.004569869366561549,0.03377953756811695,-0.007700332485746385,-0.17866272278359702,-0.013167239209318195,-0.04631062786963212,0.0035706557645639723,-0.005629451532869094,-0.014234743846085019,-0.004742472701838083,0.008552137802368541,-0.0662292034029565,-0.0017466161937457142,-0.09009150868479862
243,0,-0.022289104108200737,-0.03527992202733747,0.002351462931032511,-0.018026762010561668,-0.045703975383281914,-0.009366689071737622,-0.16513711783872506,-0.02368672867854087,-0.049218676286132045,-0.012764190553704917,-0.015530799264758702,-0.003530237802126936,0.010582367611049588,0.005947310933960115,0.004262357842744891,-0.02423959329067798,-0.027394860235704924
244,0,0.042197814994667716,0.009251713772587353,-0.0046046863613884575,-0.02212981301875508,0.045147708565620726,-0.01983694878334913,-0.20858420398657013,-0.012332310699727936,-0.05472334770648834,-0.013459473479940356,-0.029314400420207356,-0.03981163800584342,0.006266151199746007,-0.07860470331524763,-0.0019322793050299963,-0.010679022898905604,-0.03254238445053855
245,0,-0.028546778223801507,0.027490312810320917,-0.0199894834421128,-0.0008034098738383262,-0.05498860242464007,-0.003968094585664882,-0.15037598474296218,-0.0005387929479172959,-0.038163040958140465,-0.018520320150556976,-0.00037711201041257735,-0.004482940285322761,-0.028678866948378873,0.03119163129621759,-0.026912213021483982,-0.00640571886888692,-0.0682890761884557
246,0,-0.0270781120761997,0.02473006167974726,-0.031130900382850855,-0.00701907716798289,-0.07403435318880093,0.009512983371114577,-0.13855164842523376,-0.025614615273190998,-0.027514164072726513,0.0018315149529923185,0.00011687511301857957,-0.0437657459715911,0.0038198829555517477,0.029963459142330433,-0.006901227840861786,-0.009733189022002297,-0.060990234359351254
247,0,-0.041612454099495565,-0.0417261968551891,-0.007919172229710572,-0.0054021813149803645,-0.04982125908734256,-0.01899779335451837,-0.1817004784412804,0.002264789432451882,-0.01520917840245709,0.0010195649311036325,0.0010641143930210858,-0.05251181144870969,-0.0027177351691823172,0.028825779623941877,0.034852733114211706,-0.011213884074319481,-0.02155332758358346
248,0,-0.07271342395555644,-0.0241478754880604,-0.015616965389557445,-0.002253813606432592,-0.05392850508723916,-0.011863982819794384,-0.07859585207211438,0.023885840173739785,-0.025029954380246664,0.001963603721014259,-0.00474262950527843,-0.04997992268897434,0.01216229093010316,0.007413695321063632,0.01475220916617433,-0.010212947637834821,-0.013450257247044009
249,0,-0.04746868898624106,0.006404083973203487,0.002772773249631014,-0.0028178044730062302,-0.03984056648858371,-0.013153049249685439,-0.1830098880194718,-0.018925310630959043,-0.053209643452581404,-0.00646145356278016,-0.0003625730733350597,-0.03845070837535967,-0.017675791157133944,0.033422198166566774,-0.0017072799586207046,-0.015703287220788637,-0.05617150130689493
250,0,-0.07177870493856334,0.02822873601624582,0.0026859076427209836,-0.027512320523604857,-0.08108796873357475,-0.009109582379273557,0.06397924012254967,-0.008879318053953441,-0.05747960220084367,0.0022260370146234333,-0.0026030984864456154,-0.0732439268081885,-0.013654257471260523,-0.012940778108768793,0.006307280174907923,-0.002801677281538863,-0.08802778988440282
251,0,-0.04731151360548309,0.03074289210563983,0.0019523197777680356,-0.0015597307956148963,-0.0463574807242772,-0.0039318808283922875,-0.17715008179999814,-0.012907379563099574,-0.03619569654542545,-0.01944385206301587,-0.012304560210694475,-0.006992949686469182,-0.0009549412172030336,-0.05441889941586332,-0.046522020798031964,-0.005866548703376292,-0.026469499825835352
252,0,-0.025183771660414536,-0.02750445710182615,-0.0058860380954002,0.0006076045079102362,-0.036732753765179586,-0.012648770597280408,-0.1510121696814392,-0.014103280610299189,-0.04469383220196497,-0.008179152304057758,-0.0031958810278812995,0.006552137284097393,-0.026370223039903513,-0.039584079514578575,-0.04465683810522588,-0.0038797421504651194,-0.02255390916879651
253,0,0.03017184013698585,0.010455010911114747,0.0027617672574294394,-0.006809316953130327,-0.05666278013260739,-0.0055939656719997495,-0.14465471163898208,0.01423749787416341,-0.03734224218330606,0.0003914433447062832,-0.000792967458232272,-0.05112627948533459,-0.011663514086383012,0.016208086053427096,0.003173361534620806,-0.012110019254953017,-0.053001700813556
254,0,0.031770173279703856,-0.005784122862542647,-0.02144653219669647,-0.005011428999018982,-0.0564979148516508,-0.00338946221449177,-0.09563461846723716,-0.015626673003787617,-0.03467577878987367,-0.015241673777506636,-0.0010021986859409023,0.0036342324989176947,-0.0190847899933475,-0.1335713831811355,-0.006921722346452347,-0.011465749769627054,-0.06574218053868351
255,0,0.018048226394853924,0.00763941150509788,-0.00450521351846158,0.0037256884857618145,0.06250199284888255,0.0029361969621979557,-0.23690230578476046,-0.02117406616729925,-0.07065031427697713,-0.008574015489793512,-0.008632718836986755,0.011251672560599953,0.01323322633699484,0.05196194784345617,-0.02808840338032085,-0.009862254634824612,-0.035267561414457034
256,0,0.026467187324706095,0.01319254183937261,-0.017424698097835478,-0.007467775408674363,-0.029347405369217743,0.006675661409250608,-0.18772375728868876,0.003123245555245555,-0.04576863831304137,-0.007887468781037379,-0.0038450844510181455,0.006888894412642735,0.018551438320575566,0.034639361795621465,-0.09286493519937578,-0.028274380558399738,-0.0679593444228317
257,0,-0.05799744444228732,0.018224481714569696,-0.027803783023485903,3.95304733296789e-05,0.029243397698174654,0.0009469987738924695,-0.10843434467329968,0.0033835381042234135,-0.029523001578678695,-0.016249998208644357,-0.00015182038730957682,0.00022036343617383254,-0.002559786595412414,-0.13530597010028225,0.005503161916492425,-0.002670740318981614,-0.0658897400211798
258,0,0.02090835178933743,0.007703659510788804,0.00975915228567257,-0.010182586068400909,-0.07073399397501942,0.004269403501419012,-0.21594246509397527,-0.018178363845295267,-0.002809619967743073,-0.011966031977641171,0.0015991812409788886,-0.05829633801622479,0.012596970352696777,0.04030254588230855,0.0047122771494694455,-0.007184211484731007,-0.06224975518301271
259,0,0.04454971766079889,-0.030130968191043512,-0.016226537136092886,-0.0013404514569093885,-0.06219442303905722,-0.0023715375338216756,-0.1895665837229203,-0.0276465259098724,-0.0391105967621934,0.003984266638895639,-0.004457444300299392,-0.002049288385033851,-0.0059334332753644935,-0.027275931508509682,-0.005652698703512475,-0.024920865430991465,-0.02201518951010916
260,0,0.024717771391330013,-0.03025621361447917,0.00601959867237306,-0.002859065458982258,-0.07222742456705583,0.0003181479655214384,0.07099332703541354,-0.008403984604276049,-0.040123646368372755,-0.015595937284954222,-0.00394982080910584,-0.058954751382773146,-0.005755710951932621,-0.11636323086442203,-0.0469133570881273,-0.005614395825747932,-0.017389796810446362
261,0,0.022968504283436386,-0.018014356677965214,0.006628833026258397,-0.007040863279639141,-0.0793076814171757,-0.022393095563340452,-0.18104118755393647,0.007356533316444732,-0.029622934086845267,-0.013821991761670932,0.00040947870690753637,0.0024662016979902423,0.012325628736396555,0.057017969025565766,-0.006348688578883501,-0.022079320307832127,-0.06186152013174864
262,0,-0.056011117454254016,-0.028429579339087754,-0.032399250201109626,-0.005639514635355183,-0.06271500328829561,-0.021683532713066164,-0.15557357983763195,0.006776146263068696,-0.03505891680378044,-0.01061576369767995,0.004333003339821639,0.005608144494035429,0.005437664655429028,0.03499346580612455,-0.002267019354882529,-0.0030508304591074366,-0.05606280734026683
263,0,0.020148485874016006,0.006943594333767864,-0.011425511350456566,-0.01150978664949221,-0.05673650825444751,-0.0034667576755756367,-0.1993107102524418,0.027589535471604313,-0.04351026346121289,-0.01601509740409855,-0.016074846102826664,0.010838053264452446,0.014854460614821872,0.05507750198371153,0.0043191306025954605,-0.008883583788914046,-0.051862854438209274
264,0,0.014526312471810545,0.016849548448694223,-0.006055952076672373,-0.007011103598032584,-0.06011921675869615,-0.0020913748900298883,-0.17406968841631337,-0.015943606678042805,-0.04635823916364417,-0.019065949071920215,0.0028959077860815823,-0.0376514785793177,0.007557151998872215,-0.047724548734742765,0.004962120858702663,-0.002946706884158578,-0.07011166727862884
265,0,0.01795614317465713,-0.009677207733572783,0.0047284852543678325,-0.05196911252735316,-0.018545025426107916,-0.003648231832907103,-0.1244809199734574,0.002359824416363956,-0.049594527845055664,-0.02274571017506013,0.0016343527552772992,0.011502171827064575,-0.004263913155173539,-0.022865167725910174,0.023874702676351386,-0.011617751962502169,-0.05500660231302086
266,1,-0.037981244485529066,0.04542243439043302,-0.050931584854877004,-0.059518216229840666,-0.05997711603100284,0.0020830341057687593,-0.01406824803275481,-0.0024325224044306954,0.026942108006860994,0.002642455264820142,-0.0009465444882927962,-0.01727156711977603,0.004349520450621857,-0.04227055426916008,0.012354629642998272,0.005096226974879899,-0.01918463482008979
267,0,-0.0592597318491343,-0.0017010562339421186,-0.01818983017215513,-0.03456838161991728,-0.04198639388389427,-0.02122469309051999,-0.13208721411524285,0.003126703584240927,-0.04004320178807525,-0.018594524818275456,-0.0020149228507772452,0.004144078125317046,-0.015186152613956297,-0.07388867139467949,0.01802882551979261,-0.01417845107861665,-0.02140153895286931
268,0,0.022590559057255908,0.01921860756084784,-0.012363062564361607,-0.020523013074608475,-0.059876786571277235,-0.011935742567262644,-0.15520373538174562,-0.0029586288011274123,-0.038642851496077046,0.002977768613194708,-0.0029902855508754456,-0.04641067860463606,-0.008327941748791475,0.02406350651863444,-0.06663610549835094,-0.0068925179607160734,-0.03178091582947483
269,0,0.027513004093981837,-0.02990291597648183,0.009484596297037368,-0.0059244488866715145,0.036611808188940956,-0.004201790709647179,-0.13677611580606375,-0.012892854491549548,-0.033217232738887374,0.006064420476790779,-0.00039501744526894384,0.0026378338931284536,-0.022557719893835662,-0.12236552385936153,0.0075256875961388706,-0.0056577073409176375,-0.06830451396337303
270,0,-0.05961076349552383,0.014665438430089552,-0.032477269144291214,-0.004411291373042323,-0.07763403902906849,-0.007247687191951719,-0.16601073889865423,-0.019310066202385172,0.003484232935112832,-0.00913752421368976,-0.001261548126007914,-0.038550444782707645,-0.0025377763615919914,0.03180154811785497,-0.0027675211143399587,-0.010674293540576425,-0.05067874657526403
271,0,-0.051052953289322835,-0.0320052608395359,0.006256580715208185,-0.02169703786838281,-0.026052077029851135,-0.011199980794725645,-0.18601797558995442,-0.02415416860113953,-0.0338060227306085,-0.01479376759582317,-0.0008286789869565858,0.007088951452643001,0.008542183093101795,0.041604614912783826,-0.014311512962705822,-0.005638807264463813,-0.04762591051963785
272,0,0.027015990959546217,0.005091786386829794,0.0051608159279241655,-0.024589184450176424,-0.05398163007294559,0.004307919231569183,-0.1632532331440291,0.005696169062855778,-0.05732077679469654,-0.023106264181044268,-0.003124486789154544,0.003781823418198459,-0.02865807128980167,-0.09221935730107945,-0.006593494532127426,-0.007382578770805467,-0.02318391822710053
273,0,-0.02041610305490737,-0.030470655348226197,-0.023853900723662703,-0.006814413861179505,-0.04720853507637041,-0.001183828118729266,-0.11708680495514238,-0.015385239973857682,-0.03301419311841296,-0.010864539769945593,-0.002287575815090996,0.004152815983459681,0.006573880256865056,-0.0799571325846669,-0.036954742008959304,-0.011421933412965879,-0.05949892231757913
274,0,-0.028921432292077907,-0.034384705792713986,0.003686232985184884,-0.0033578910979707504,-0.05626910583566525,-0.016017316505795614,-0.1496796587986613,-0.021070337403499964,-0.04180996906276315,-0.015153875562284654,-0.026912190132262745,-0.04345821689152298,0.006188714145519779,0.004059175786229886,-0.006137093523805456,-0.022875183440029975,-0.023578970477253162
275,0,0.04676729782892051,-0.01956592783780768,0.006013180059252975,-0.0005810817588089499,-0.09778240911206967,-0.012682924441612994,0.024720389630486447,-0.008241498202011848,-0.0073454786200486955,-0.022913661764788887,-0.003559950875395816,-0.053521921844751776,0.012207459186473577,-0.05420300352202675,0.017821006600182637,-0.020534940729944065,-0.012288358495420966
276,0,-0.0458764911480481,-0.039986703030792804,0.0018297429691189197,-0.00014099399019369926,-0.054234585524237294,-0.015371879230875046,-0.12805107700796325,0.004408966961398783,-0.03823257975761615,-0.012827468285786492,-0.00014459913960849423,-0.0021078855931738125,-0.005361571087344732,-0.06439652825511362,-0.025047456168718056,-0.00692461482876775,-0.04989276744831802
277,0,-0.05291194826113069,-0.03994695540891706,-0.03612444325947994,-0.007129982838343828,-0.0579867481958928,0.006236411987738354,-0.15337363997408368,-0.00874236338776475,-0.021531936087885922,0.006599612927473358,0.003628888463180079,0.011800896431003342,-0.008397534858683938,0.057061050634937015,-0.0026701590998416676,-0.005108915144503145,-0.06042739116050959
278,0,0.012141408200823184,0.008517947202571102,-0.01771402704050557,-0.01655388447873116,-0.05695698323761931,-0.01577402302405697,-0.16292995418141656,-0.015776188682612248,-0.03624105456620642,-0.01313632738595515,-0.0019429535751868743,0.002242379387575092,0.005570719705877431,-0.10136986680080397,-0.00046919724860778077,-0.0036656496177795528,-0.05496750189007111
279,0,0.02142145121087103,-0.019015513460611602,-0.004213983394926074,0.001985806047212176,-0.027556958622441674,-0.013075798976638624,-0.1296663773552084,-0.003269936098473983,-0.047437636671699104,-0.014527607818457074,-0.0064244829258202334,-0.02899910069983658,-0.018890643932060393,-0.06139782015126476,-0.04672705306315441,-0.02170556814325409,-0.05619059984360783
280,0,-0.03240227874920005,-0.021332792401304077,0.0025048167028160853,-0.004452553205834463,-0.015263691017063905,0.02867621800187162,-0.1617172108270583,0.0018989171045713327,-0.0315700671160832,0.009109290082712442,-0.012296976020561052,-0.016054707180686967,0.003983178103918566,0.05909870513213391,-0.06208760097536953,-0.021255596987023093,-0.009196141213876947
281,0,-0.02823419948949874,0.016705653321269522,-0.002225678876353465,-0.0017732841220696827,-0.04256859078946133,-0.014626174272752377,-0.16876291417328035,-0.014922620268858763,-0.04624809628300004,0.003553800076174913,-0.004834988901487589,-0.005774388086994273,-0.04567636505796627,-0.03312318592683121,-0.01718683892937305,-0.006235450877236619,-0.06042516790831765
282,0,0.015770046134449052,-0.04033455538131935,0.0031093187599967828,-0.006695366653912803,-0.06660846742582835,-0.023043290115975064,-0.12201230576153589,0.00014677259577746166,-0.050208848917651365,0.004585125780556113,-0.0030575238639795528,0.0024560144410975485,-0.00883507031786812,-0.03684815378943597,-0.03879742382542227,-0.008101991635502579,-0.06721610392281702
283,0,0.021913371064581418,-0.03519015512561744,-0.010248640334890532,-0.0020853380454920393,-0.05273566270693831,-0.02061927114226234,-0.17017773781291254,-0.009446475469377463,-0.039674862189383694,0.002855285993535649,-0.002371307037385099,0.007652743570288676,-0.00932658360949418,-0.08398657255726036,-0.035498441570579575,-0.01023226355700944,-0.026519913369172945
284,0,-0.08061224135875297,-0.01583320164424042,0.007084331193440763,-0.011886884472550287,0.05719917800398575,-0.014744432914909995,-0.20260089079223706,-0.010705850869570703,-0.051857903642676895,-0.0070466023915259305,0.0058303890819620015,0.0009162805384319944,-0.005305657068993141,0.04398927277680232,-0.02530956790481931,-0.004844112266194049,-0.07663059683419025
285,0,0.036936676735437664,-0.02356121930375646,-0.02237155937572438,-0.009344100360152484,-0.05547470514665237,-0.01295247537291094,-0.16653472538385194,-0.011096427469401836,-0.028386324906228826,0.0036838252147893455,-0.0191368384289525,0.006816915775113934,0.007570092994987907,0.03273355828627139,-0.07891424628387694,-0.006487642713214646,-0.0591726281612479
286,0,-0.04032670404031583,0.018013641907212604,-0.03451075723803645,-0.013135082224145013,-0.06914336219499008,-0.005454661826187739,0.06823405458024412,-0.029106585311704087,-0.04836889032067097,0.0057134866645056305,0.0025935642574869008,-0.08294400374867675,-0.014464063810024958,0.03633190265496467,0.005552830652862188,-0.004748452902604047,-0.04326207433262539
287,0,-0.06731568246947114,0.004204418315133928,-0.01116975296322096,-0.0295070964580664,-0.0828293631907934,0.010799290253835603,0.10396859343870031,-0.017313519877397272,-0.00957763348216051,0.011881849251857132,0.0027714821951794716,-0.066999448873484,0.0017274855132972265,0.03636672248978154,-0.004098090861207917,-0.017476276102814152,-0.001124801078540718
288,0,0.039560394727334657,0.010682318480178195,0.00852828954757807,-0.014003558919995631,-0.052591929432723325,-0.0158649487417304,-0.2260078241705742,-0.013710081742692906,-0.023658212584685274,0.011452112030992003,-0.0050717293425696286,-0.027921121353693477,0.01519828928459642,0.047577562393348836,0.018845451709591447,-0.014296564803420418,-0.01774360431423919
289,0,0.04832646308789934,0.007982709422552756,-0.04623231394423297,-0.0031701922531102394,-0.07454503143651875,-0.0043761998218340955,-0.01375939626640413,-0.0221561467511414,-0.032470741581360756,0.008054206146585217,0.0026769839832161304,0.010765591848173512,0.0026846749550381178,0.05114869551990303,-0.11964266895518064,-0.012144039195032128,-0.07550108532459056
290,0,-0.10538989046297965,-0.04650707411976835,0.003625386616842949,-0.025311615626727662,-0.05917088169146099,-0.010816194723667487,0.10754825103219155,0.01187221071991139,-0.06440435139006807,0.010751468070743923,0.00570452102715951,0.00350323727783083,0.004058749814657137,0.04555363167724209,-0.100138741137384,0.002056740434311972,-0.05529393808487031
291,0,-0.041080579648775185,-0.037353367431258805,0.008885277729305743,-0.06863635447580117,-0.05215937611287116,0.0009885762783160637,-0.04149656869868623,-0.022432534068621494,-0.035217893628268306,0.00367171759378916,0.0035838562828976626,0.008634681027783083,0.012055727430011367,0.0339734873666456,-0.07269717800200133,-0.0011894840208190771,-0.08188847818768434
292,0,0.02051291734108764,-0.04754278809265856,-0.07948452368201268,-0.016531331806751606,-0.057599760433001766,0.012805859408388364,0.057890122874775504,0.019273503102302057,-0.047138980638516584,-0.015038206171326089,0.0036485265520806083,0.01195271003686799,-0.03141214500362831,0.04653513970067027,0.0073693865843355135,0.0010017940970058175,-0.03193404776898855
293,0,0.04686153944876851,-0.0448889435100192,-0.004054295206830619,-0.006227065081412352,-0.04489322017185639,0.008277218488702972,-0.22634154850355936,0.0033468471340989225,-0.04852093840400363,-0.013295204534378387,-0.008085454321049824,0.008988414216475078,-0.05096639995475289,0.03509305302753441,0.0015296812948317725,-0.00755876741693322,-0.06495674040498871
294,0,0.028973324096885442,-0.012089562184167091,0.008701662810399455,-0.013163077447717756,-0.07891332227448473,0.00439510806398996,-0.12175532593280286,-0.025380634523769596,-0.03692195327243639,-0.015666059757476227,-0.004358187373484494,-0.055418139731658836,-0.005856763829235735,0.05878071064029716,-0.0023550985909517293,-0.0038690407425120803,-0.06412879718357899
295,0,-0.08631106176044323,-0.03511014605949227,-0.025697941627539307,-0.010855808167781582,-0.03777385604530038,-0.0021908370965014086,-0.04636392730886103,0.009579961520235743,-0.04561925141400506,-0.009367623489371216,-0.007804067721801095,0.0020884681643659406,-0.0019539757093066197,0.024458447821298517,-0.06925642000781963,-0.006761360614475369,-0.05341909104923962
296,0,0.010414655997074616,-0.017097381106884992,-0.009649815009167445,-0.018276705372049194,-0.08095863260888801,0.004745235863198956,-0.1653053479096101,-0.022576559614953345,-0.04148226854339111,-0.00966522300739394,0.0028603760529800565,-0.052029116990316246,0.011368144382890757,0.052677489862602685,0.0032127850327478614,-0.006182406578788031,-0.02108038768275749
297,0,-0.062274994674776075,-0.06161533498166746,0.010992233285048818,-0.0037957709762952694,0.06484799337370539,-0.002579969273211397,-0.061551055010614225,-0.007666045225155929,-0.0054174645998055345,-0.008329500740727054,-0.0006521974400752729,-0.063210120387624,0.008798472596585777,0.06369781786487355,0.004135301409835094,-0.007281966761387839,-0.06712255569141139
298,0,-0.05917155436014278,0.03136139107559672,-0.038855789037216794,-0.0032683560895882106,-0.13860376405750832,0.0037323705033538864,-0.07338199433079934,-0.025041218198783383,-0.033274600612804156,0.0028587253164769296,-0.005895686812117928,-0.0035309062389799694,0.0019813129233421773,0.03315851570193792,-0.01610817199163633,-0.008234939628838355,-0.06008382472833019
299,0,0.046946376710995504,0.02549267671601871,-0.009429744801855202,0.002639561937384064,0.08592984760208898,-0.01862631269312818,-0.07459258902807972,-0.009940089452165868,-0.051075999521710456,-0.018207476898573365,-0.0006124014383219515,-0.00281953265791906,-0.007838071076691516,-0.08334391053864083,0.003551112355405054,-0.007097844806887878,-0.023334092973962255
300,0,-0.09388555893641691,-0.026171604389343753,0.008041830757197204,-0.02310635674124174,-0.06106209961267416,-0.003156329132575265,-0.08242169320010719,-0.020031081070862884,-0.050793375527188205,0.002710066601861946,0.00286546190069567,0.007533428433903154,0.006702716941395571,0.03513337300328058,-0.08497628823281174,-0.005259271793671907,-0.05781504290081299
301,0,0.02920579115604649,-0.03175397965466305,-0.0017289560136948081,-0.004499868308474442,-0.026337286798728494,-0.0025952276674127664,-0.0909011928513676,-0.0035826135057886606,-0.038293485111299055,0.0065021895419345496,0.0027144521637397423,-0.005756451110377143,-0.014908305258567732,-0.11072609718415956,-0.07067169173144741,-0.00879815557304964,-0.05689427932539419
302,0,0.02041876446369983,0.04071013397542012,-0.0025200866376199906,-0.00407639257534089,-0.054402461807022504,-0.01916706115587452,-0.16260998659597314,-0.004040223119783612,-0.040763463089037374,0.010454633791393235,0.0033373541697459706,-0.02010466198261267,0.0026731047599293806,-0.0827799785869582,-0.060690993690370516,-0.004648511505219744,-0.05748199431374745
303,0,-0.03545353552783108,-0.022799469251187546,0.0012457902673350446,-0.007703672601091667,-0.05387222796497167,0.0013978836676061656,-0.16408185803883643,-0.01669831001487195,-0.027363066657430497,-0.015232763732854827,-0.002296849984556271,-0.030676838750164137,0.003867343828811744,-0.04587823170307887,-0.0074180765582106106,-0.004372934961932157,-0.04835500591610662
304,0,-0.06259731448274426,-0.02610268151718635,0.005154406924643686,-0.008626505724359777,-0.025153873992389348,-0.01104820736704912,-0.13042566588699994,0.0143229200601766,-0.026721861109055514,0.004828286643145305,-0.0017571433598209812,-0.03213368179176978,-0.013420918430059894,-0.07916799712162505,0.025010614921562858,-0.004197809123769469,-0.020321059208736333
305,0,-0.13494349921026746,-0.024439268426307514,-0.02830092629328109,-0.016859608281381066,-0.05479204121709684,-0.01902666623350804,0.11496625663178409,0.00371403862963555,-0.06518238488204653,-0.01886438360804068,-0.0035401381077842056,-0.0007800316336837442,0.010901434699022754,0.026555996291655847,0.007282611123864061,-0.010027622791465905,-0.009022257257137175
306,0,0.014102820421906812,-0.03524470703958594,0.009320575031967192,-0.026151068217140402,-0.05430019376866761,-0.0044438284517560244,-0.16216956631304788,-0.014813426992292138,-0.03888318790426637,-0.023405830325528964,-0.00172892144419945,-0.005891074399668443,-0.01777214432268143,-0.0217722209146362,0.034143725734473516,-0.007400936336759017,-0.022615171990821834
307,0,-0.08749186906625088,-0.01773167532384285,0.007113526122439057,0.0008993803923841931,-0.0798805161987234,-0.003590297734365912,-0.013942552567924085,-0.0029345302502543544,-0.037003627612648124,-0.011262157447374896,-0.004341203022266073,-0.04963139381322509,-0.004246343166281879,0.04227298524506072,0.0007977279764430165,0.0017785860205950005,-0.04983119678646838
308,0,0.01478205153239876,0.03266673735856092,0.005610711198150239,-0.05847790612233754,-0.04049926585055955,-0.017785920487400086,0.05208868874114452,0.006163683028177466,-0.05148893529595027,0.0027648382186465487,-0.0034771256642100942,0.004358988245301526,-0.02692280647605053,-0.01966905190314536,-0.10775670550195722,-0.0009116098430080522,-0.05380486174379986
309,0,0.014654821287258686,0.03662702478446122,-0.021065344869618256,-0.016568357829315546,-0.09914958186456425,-9.246796480444782e-05,-0.07795374236335467,-0.03682878620066077,-0.026834798631848712,-0.022503333400530085,-0.004504654011768151,-0.045659375607657385,0.010777718706855259,-0.02208196787469854,0.0013531924804731537,-0.00894887037476865,-0.06024663349816284
310,0,-0.05442395922475901,-0.03500664835172543,0.0009575480126470881,-0.015468315592222734,-0.03342863315202955,-0.0066747982161281605,-0.13858489976225188,-0.0016513055847997083,-0.039498226106841845,0.003719997020358495,-0.005343940037843155,0.003971351795416308,-0.030013788686479137,-0.0865307125033795,0.014810791553779465,-0.017536664463776355,-0.014989620599335689
311,0,0.028613546961555752,0.01435245313626018,0.002317086628405277,-0.004730102827697486,-0.06354716058591629,0.010146631075385727,-0.1723688001724909,0.017824302752371957,-0.05921259144504024,0.0006160053134445501,0.002254543380714886,0.010370544880930147,0.013146703560278762,-0.033389313361412896,-0.043525251800369556,-0.0032296926470366145,-0.08199739541542211
312,0,0.05429370499340696,0.00028914817971703447,-0.02403592369752529,0.00042923823917565815,-0.11471455151679905,0.00041703091609362716,0.006140897097153579,-0.01428927061709795,0.009848536618960268,0.006714709015016992,-0.015377662818450799,0.008383565431203678,0.005740294304360996,-0.07439055700759768,0.0001749191815998,-0.017701218746582918,-0.02094801680534028
313,0,0.013719439594753559,0.030944377857181737,0.0028294971679102654,-0.007850203053084105,-0.082435764100254,-0.000379549075852494,-0.079959853508488,-0.01583493312157585,-0.0341260164542641,0.0010957255791547572,-0.00020690936140453363,-0.04131907393169188,-0.007738347136890025,-0.016586319255085507,-0.07721687999316164,-0.006785860519617648,-0.0638411545870011
